"","a","b","c","d","e"
"1",1,-0.869998340049353,1,NA,NA
"2",2,1.50267706690351,2,3,6.54857411538868
"3",3,0.641571936517759,1,2,0.0909339413910799
"4",4,NA,2,NA,NA
"5",5,-0.712293985728568,1,3,-1.45789676978884
"6",6,2.06125421129123,2,5,8.11485313471612
"7",7,-0.220125795718974,1,5,3.61852689269677
"8",8,1.30121193470982,2,2,6.46129806782422
"9",9,0.243468240318812,1,5,0.938281922210011
"10",10,NA,2,5,NA
"11",11,0.731019004766264,1,4,0.327513744982328
"12",12,1.3940832837317,2,3,5.06037663630342
"13",13,-1.24890006042609,1,2,2.70131270678164
"14",14,0.607975275844357,2,5,6.89257766787355
"15",15,-0.235502569122554,1,5,0.895264960380619
"16",16,0.828549015721867,2,2,3.77984143779774
"17",17,0.49418920725992,1,4,0.449063067275261
"18",18,-0.000592182097575548,2,2,4.03785838458241
"19",19,-0.728024839803202,1,3,0.43284608056703
"20",20,NA,2,1,NA
"21",21,-2.20158400092124,1,1,-0.358711648929822
"22",22,1.87473941301347,2,1,4.38206737635814
"23",23,0.728992354378931,1,5,1.31675540340413
"24",24,-0.282076685610518,2,3,6.35177122297311
"25",25,-0.670524927364948,1,2,0.45775408370221
"26",26,0.702750540888132,2,5,6.69261962883041
"27",27,1.91076923679588,1,NA,NA
"28",28,NA,2,NA,NA
"29",29,0.722781749018815,1,3,2.0482748556653
"30",30,-0.946071974737449,2,4,4.98407037899819
"31",31,1.46684428598761,1,3,1.29552323480438
"32",32,1.91603004149552,2,NA,NA
"33",33,1.63732123000351,1,2,1.68215379957161
"34",34,0.640051728873784,2,1,1.23171359589626
"35",35,-0.763456522467613,1,2,1.34879428653375
"36",36,-0.00306114746640925,2,4,4.347032625044
"37",37,-0.891052344105311,1,3,1.27891975829496
"38",38,0.630327377930856,2,4,6.78800565511664
"39",39,0.82627419617257,1,NA,NA
"40",40,NA,2,NA,NA
"41",41,-2.1097638434039,1,2,0.994934379608309
"42",42,1.06179793349609,2,NA,NA
"43",43,0.704441701966321,1,5,2.38694092426451
"44",44,-0.348508519817724,2,3,4.71210033022704
"45",45,-1.1953730293976,1,2,-0.468912566855325
"46",46,-1.89736825978603,2,3,4.3698900461051
"47",47,NA,1,4,NA
"48",48,-2.13840313864019,2,4,4.01932476780676
"49",49,-0.420880985686767,1,1,-0.791927608678375
"50",50,0.208575961299278,2,3,4.54613531938359
"51",51,0.965201133651844,1,4,1.81203687159259
"52",52,0.20012446036352,2,2,3.8860567459263
"53",53,0.457483817237371,1,1,-0.465808592796501
"54",54,1.7416271576944,2,2,4.1625271043902
"55",55,-0.613046823467772,1,2,1.57450478011896
"56",56,-0.406520051035137,2,1,4.15852803861362
"57",57,-0.708841820030217,1,3,0.721997087790748
"58",58,NA,2,2,NA
"59",59,0.720916809158543,1,1,0.0555759995571941
"60",60,NA,2,2,NA
"61",61,1.39230690384509,1,5,1.01496501051416
"62",62,0.382544177096631,2,5,7.22691728622284
"63",63,0.236632897199558,1,5,0.497042723035901
"64",64,0.863764501141341,2,4,7.36100468131736
"65",65,-0.368355921534193,1,3,0.809759538180053
"66",66,0.382406820291698,2,5,6.8060326886974
"67",67,NA,1,3,NA
"68",68,0.651148532770084,2,1,4.93348831175396
"69",69,0.200245749613149,1,1,1.53161543103391
"70",70,-1.03323757788273,2,3,3.53715706253017
"71",71,1.9020223611012,1,2,-1.3593997324218
"72",72,-0.743056334105069,2,5,8.14425506049282
"73",73,NA,1,4,NA
"74",74,0.900081200089348,2,3,6.30342290716332
"75",75,NA,1,1,NA
"76",76,0.246052663208643,2,2,3.00792501682267
"77",77,0.362670208390558,1,5,1.50349379133365
"78",78,0.0476530453635232,2,5,6.61763918296335
"79",79,-0.314844382198281,1,4,-0.518114686870138
"80",80,-0.729467872256744,2,2,4.50506021576729
"81",81,NA,1,4,NA
"82",82,0.549762090134095,2,NA,NA
"83",83,0.0347104407701844,1,3,2.16394847518437
"84",84,0.782851177613431,2,3,4.60639157798877
"85",85,-0.328845885762117,1,5,-0.245990528884063
"86",86,-1.04978014474483,2,2,6.66178273024344
"87",87,-0.204468606202496,1,3,-1.32576020476611
"88",88,-0.299034493093704,2,2,3.95577553616089
"89",89,-0.219689552856963,1,NA,NA
"90",90,1.62365212006773,2,2,4.28003199479625
"91",91,1.42964177864704,1,4,2.48373790633483
"92",92,1.38565751276256,2,4,6.34621479465785
"93",93,-0.388256569362873,1,3,-0.503932321677911
"94",94,NA,2,3,NA
"95",95,2.01208257835187,1,4,-0.244025078815703
"96",96,NA,2,3,NA
"97",97,1.30644485043349,1,4,2.30661606171765
"98",98,-1.53749991010445,2,5,6.46408508659703
"99",99,0.500543218422935,1,5,2.65875788773989
"100",100,NA,2,1,NA
"101",101,-0.429518164531284,1,NA,NA
"102",102,1.04179243671938,2,5,8.91489320571001
"103",103,-1.29435585325122,1,2,1.66917017593847
"104",104,NA,2,NA,NA
"105",105,0.411043849842429,1,3,-0.208808559832565
"106",106,-0.562565224615206,2,2,3.9032582286803
"107",107,0.54575511650388,1,1,-1.15348950607552
"108",108,0.963433436147938,2,1,2.75841039126113
"109",109,1.92873087878443,1,4,0.898542420658675
"110",110,NA,2,4,NA
"111",111,0.440865971388014,1,1,0.70829725411541
"112",112,-1.17323691609337,2,1,2.09014500206811
"113",113,-0.235930118462975,1,3,-0.850737238890551
"114",114,-0.115341290750728,2,3,5.23604919137672
"115",115,-0.187133653848756,1,3,0.943144485652454
"116",116,0.876381858882563,2,2,4.68560552368798
"117",117,0.862470848952912,1,4,0.606022897733089
"118",118,0.99287108716846,2,2,4.23030401384878
"119",119,0.449305520060591,1,2,0.728628612789913
"120",120,NA,2,3,NA
"121",121,0.666817070674681,1,5,0.115415160425205
"122",122,1.11691029444145,2,2,3.43030406018174
"123",123,-0.816669581053099,1,1,2.00104949958106
"124",124,0.0476539439835658,2,1,2.78736387409606
"125",125,-0.691643445997731,1,1,1.43717403986025
"126",126,-1.04686448390069,2,4,5.82837980631181
"127",127,-0.0066410077153839,1,NA,NA
"128",128,NA,2,NA,NA
"129",129,-1.66673115935795,1,2,2.14936626575387
"130",130,-0.624116501344817,2,5,7.15845232046886
"131",131,1.87795130592958,1,4,0.386829627937498
"132",132,-0.47766188011305,2,NA,NA
"133",133,0.275919795595747,1,4,-1.09667356474372
"134",134,0.0192055156122857,2,5,7.27909019673039
"135",135,-0.875360135056286,1,2,0.666568136861117
"136",136,0.346259315301749,2,1,3.50612889702411
"137",137,0.57234130302677,1,2,1.6304154110768
"138",138,0.779868774661132,2,2,4.56074940485956
"139",139,0.382529429681292,1,NA,NA
"140",140,NA,2,NA,NA
"141",141,-0.699080111019035,1,5,1.27768489633073
"142",142,-2.31297463903307,2,NA,NA
"143",143,-1.37098548014373,1,5,1.140965606769
"144",144,-0.975886233883605,2,5,5.64642840187204
"145",145,-0.350371376439738,1,2,0.528531205045914
"146",146,-1.32274917019125,2,3,4.44681919502977
"147",147,NA,1,5,NA
"148",148,0.602341307773276,2,2,3.33635629152688
"149",149,-0.887388076373623,1,4,0.599694649441487
"150",150,-0.368588765508685,2,3,4.59150385036052
"151",151,-0.0516618456946974,1,5,2.47850468930852
"152",152,0.0573907386968235,2,5,6.34481068260878
"153",153,1.13240857260718,1,3,1.65033164812317
"154",154,0.508409037307106,2,5,6.73102003750063
"155",155,-0.0553525954462479,1,1,0.164928510894827
"156",156,-0.135559784551544,2,2,3.09579211999723
"157",157,-0.624389954668553,1,4,0.353526518954764
"158",158,NA,2,4,NA
"159",159,0.415972112505222,1,4,1.42995839919241
"160",160,NA,2,1,NA
"161",161,1.20668574140792,1,5,2.70603399043474
"162",162,-0.638949376339385,2,4,7.75792458827073
"163",163,-0.0318702715695013,1,5,1.70938110133225
"164",164,-0.463401551730671,2,1,1.75596523045779
"165",165,-0.166959973692132,1,4,2.92363424854058
"166",166,-0.824189164318014,2,5,6.09953943215609
"167",167,NA,1,1,NA
"168",168,-0.168951237726394,2,1,3.13754445409802
"169",169,0.588005191157806,1,3,1.26962567469353
"170",170,-0.886504209133908,2,2,2.25424580644183
"171",171,-1.65043498367539,1,1,2.46764301021876
"172",172,0.595606806188958,2,1,1.57736018579076
"173",173,NA,1,5,NA
"174",174,0.0969038512725975,2,4,4.32134320019336
"175",175,NA,1,1,NA
"176",176,0.792913625299175,2,4,7.49770226016455
"177",177,1.26714668656233,1,1,1.28055277681404
"178",178,-0.285703117901265,2,1,3.67201753755751
"179",179,0.0506453535441934,1,4,1.75777541525523
"180",180,0.17848598277333,2,4,7.08237268504045
"181",181,NA,1,2,NA
"182",182,-2.32130485989357,2,NA,NA
"183",183,-0.19952025031257,1,4,2.65317535105993
"184",184,0.65298998666615,2,3,5.64467392258222
"185",185,-0.160864490852825,1,2,1.37059398105398
"186",186,0.438999447846357,2,4,5.0166115653072
"187",187,1.21762020666623,1,4,1.51785279760274
"188",188,1.71753664316932,2,4,8.19473509844999
"189",189,0.208920339088681,1,NA,NA
"190",190,-0.353938904484825,2,2,6.01108808483145
"191",191,1.25001582408397,1,3,1.75981564217168
"192",192,-0.215832186773432,2,4,3.54828745716439
"193",193,-0.343888908362037,1,1,3.06590153212267
"194",194,NA,2,2,NA
"195",195,2.10146182743974,1,2,0.681596430682984
"196",196,NA,2,5,NA
"197",197,1.55007437494155,1,2,2.48641924012097
"198",198,0.377611824692481,2,3,6.83310928597951
"199",199,-0.453984451048832,1,2,1.17533677889976
"200",200,NA,2,1,NA
"201",201,0.765541233185191,1,NA,NA
"202",202,-1.06417592581749,2,4,5.99550948102154
"203",203,-0.167888715613055,1,4,1.60001395148269
"204",204,NA,2,NA,NA
"205",205,-0.506516915024864,1,1,0.919914747670042
"206",206,-0.474167160013053,2,1,2.77833667872934
"207",207,0.195576334906226,1,3,1.9998307128586
"208",208,1.10390385992386,2,4,6.045742662104
"209",209,-1.17018512078583,1,4,0.780783463722134
"210",210,NA,2,3,NA
"211",211,0.11509545671278,1,4,0.542484021086606
"212",212,1.18293774135306,2,5,8.05735405097501
"213",213,-0.654535188287203,1,5,0.902372447541137
"214",214,-1.28726660236093,2,4,4.30074150570906
"215",215,0.877686149009156,1,2,-1.40460284935087
"216",216,0.803155985012691,2,5,8.91795214127551
"217",217,-0.427727861006914,1,2,1.26198443642719
"218",218,-1.54540655419668,2,3,5.466040241206
"219",219,0.881822142095227,1,3,1.95825126671204
"220",220,NA,2,2,NA
"221",221,0.464330430081457,1,5,1.8183315863755
"222",222,0.954414207157676,2,5,8.19724678870061
"223",223,2.18118774494151,1,1,1.94700646501413
"224",224,-0.0312420010697762,2,1,3.16307247812279
"225",225,-1.20529922061291,1,1,2.14680712496968
"226",226,-2.57296825306413,2,2,3.55613573737691
"227",227,0.629412854840123,1,NA,NA
"228",228,NA,2,NA,NA
"229",229,0.747613982085938,1,1,-0.468021470696473
"230",230,-0.424983617856601,2,2,2.21612939616718
"231",231,0.259644317438291,1,2,1.43875006882206
"232",232,-2.49640274984471,2,NA,NA
"233",233,-0.187991867972486,1,2,1.24016214387937
"234",234,1.1474085663364,2,5,8.18894120804467
"235",235,0.8586755376375,1,1,0.967828434928078
"236",236,1.99990066882882,2,5,9.19798252348579
"237",237,-1.57706696586562,1,2,1.02998932430537
"238",238,-0.265431179522705,2,4,4.30485177815724
"239",239,0.185180286810606,1,NA,NA
"240",240,NA,2,NA,NA
"241",241,1.23618524258372,1,4,2.6840233681736
"242",242,-0.940977427413627,2,NA,NA
"243",243,0.838378120927505,1,3,1.6268309312003
"244",244,0.566546566845492,2,4,7.17267301992456
"245",245,0.198077200870155,1,3,0.841478034445092
"246",246,-1.18945616532909,2,2,4.0450798753682
"247",247,NA,1,2,NA
"248",248,0.430916353970992,2,4,6.72123351055312
"249",249,0.582032248599336,1,4,3.26465979439979
"250",250,0.937058472137379,2,1,2.66693229317904
"251",251,-1.65270957335964,1,2,1.08100595198923
"252",252,-0.848579525833887,2,5,4.82551329139676
"253",253,1.16216057448305,1,3,0.566161179798275
"254",254,0.981308610718262,2,1,1.78108279231536
"255",255,0.49135500851274,1,1,2.25895563764781
"256",256,1.19246179986573,2,4,8.86893348919281
"257",257,-0.760965879596044,1,1,-0.630077426128389
"258",258,NA,2,2,NA
"259",259,-0.264442410140269,1,2,1.05988277827893
"260",260,NA,2,2,NA
"261",261,-0.81904954434026,1,2,1.06883181769703
"262",262,1.45077689422518,2,3,6.35386733930273
"263",263,-1.57942908286595,1,1,-0.233870001336955
"264",264,-0.115851661176094,2,2,3.95650768740302
"265",265,-1.01564478689621,1,2,1.42374874806102
"266",266,-0.644872643111331,2,2,4.85363973137544
"267",267,NA,1,5,NA
"268",268,-0.889287995311571,2,3,5.43334549422499
"269",269,0.157795429472796,1,4,0.612832423673323
"270",270,0.410224505851991,2,3,4.77238736652615
"271",271,0.212282578131855,1,5,2.41305041910744
"272",272,-0.518723763190385,2,1,2.14255813564892
"273",273,NA,1,4,NA
"274",274,0.447787792547246,2,3,5.76542596712759
"275",275,NA,1,5,NA
"276",276,0.0757154345269844,2,5,6.28335169980214
"277",277,0.186190759505252,1,5,2.56483309590575
"278",278,-1.19003666140912,2,4,6.04199145718165
"279",279,0.926279523305821,1,3,1.8292934713155
"280",280,0.591778928197128,2,3,4.56712145196421
"281",281,NA,1,3,NA
"282",282,-0.60666974809093,2,NA,NA
"283",283,1.95989537090952,1,2,0.975309095300511
"284",284,-0.185602639637081,2,2,3.3517918697853
"285",285,0.29135438772193,1,4,0.186038499142617
"286",286,-0.611436827861392,2,5,7.66046603843076
"287",287,0.37467931888752,1,5,3.38254234586949
"288",288,-0.0779880636976567,2,1,5.24375087359414
"289",289,-0.97998928673319,1,NA,NA
"290",290,-1.19689848961744,2,4,5.16557661258366
"291",291,0.584208717399586,1,3,1.63175260846226
"292",292,0.81158465126245,2,1,1.59674334330758
"293",293,-0.689363247493111,1,2,0.731234552863608
"294",294,NA,2,3,NA
"295",295,-1.32881668122561,1,1,0.239694200204985
"296",296,NA,2,4,NA
"297",297,-0.256769713898134,1,5,0.267868282212178
"298",298,0.681191383263307,2,2,3.74975327264641
"299",299,0.850407644199404,1,5,-0.97843291109359
"300",300,NA,2,2,NA
"301",301,-0.0601014554794331,1,NA,NA
"302",302,-1.13105160430709,2,5,4.77515234812427
"303",303,-2.35300805179471,1,2,-0.432752694903316
"304",304,NA,2,NA,NA
"305",305,-0.305064577561566,1,4,2.75486375699752
"306",306,0.0348596629679618,2,3,4.84045700790161
"307",307,0.587029293140642,1,2,0.108303709878045
"308",308,1.07774353681767,2,2,5.288140931811
"309",309,0.497970285480545,1,1,0.259975000197553
"310",310,NA,2,3,NA
"311",311,-0.928779471260493,1,5,-0.790655906581698
"312",312,0.627537395437495,2,1,3.73115332884497
"313",313,1.33869582747707,1,3,1.23521491421491
"314",314,-1.62382455104479,2,3,3.0827241213592
"315",315,-0.215289869633762,1,5,1.89635349757847
"316",316,0.796471449637981,2,2,3.01608749194114
"317",317,-0.525321007035832,1,2,0.38595284359436
"318",318,-0.445398782017436,2,3,3.34648261256223
"319",319,-0.493402661036995,1,1,-0.0478807681017142
"320",320,NA,2,4,NA
"321",321,-2.31506821424979,1,1,0.450331306421203
"322",322,-0.146483262808521,2,1,4.25096636698337
"323",323,0.364580826438732,1,2,0.716957110368412
"324",324,-0.685228814638062,2,4,5.69094735516546
"325",325,2.3622965384677,1,1,1.70005700795713
"326",326,0.483775754592017,2,3,6.36222774582741
"327",327,0.915546428789612,1,NA,NA
"328",328,NA,2,NA,NA
"329",329,-0.545765224618933,1,1,1.78038196225122
"330",330,0.155429980853649,2,3,5.33684395245405
"331",331,-1.27045736027701,1,5,1.09198602459008
"332",332,1.96707769652103,2,NA,NA
"333",333,-1.07839284213793,1,4,0.285655369555398
"334",334,-0.885811950560068,2,4,5.01829901607576
"335",335,0.564300101721423,1,1,2.03677246342015
"336",336,1.02596031251609,2,3,6.22460835504215
"337",337,0.46414591279148,1,5,1.52727028157244
"338",338,-2.45239669340059,2,4,3.29037760766401
"339",339,0.638504469284908,1,NA,NA
"340",340,NA,2,NA,NA
"341",341,-0.525589153183088,1,3,2.19923402064336
"342",342,2.32954570560147,2,NA,NA
"343",343,0.825695863209006,1,3,0.232907956078688
"344",344,1.25236835447736,2,3,6.16495300580164
"345",345,-0.279992468345398,1,3,-0.165575867740736
"346",346,-1.84393606307061,2,1,1.45691732599835
"347",347,NA,1,5,NA
"348",348,-0.911325803603569,2,3,4.62226162386627
"349",349,-0.181061891066659,1,3,0.350005670029093
"350",350,-0.351699449362186,2,5,7.10979796886225
"351",351,-1.32166704080007,1,3,-0.762954837374614
"352",352,0.721579382690173,2,5,6.83917290043177
"353",353,0.638773962814714,1,3,0.43635072101769
"354",354,-0.287333389038915,2,5,7.40051872079099
"355",355,0.0690251047975413,1,4,0.508447488500895
"356",356,-1.51249048864737,2,2,4.65417117748448
"357",357,-0.853089487729795,1,5,0.679842221120624
"358",358,NA,2,1,NA
"359",359,-0.715221663766448,1,2,0.698827101925996
"360",360,NA,2,2,NA
"361",361,1.29576076516118,1,4,0.765028743412332
"362",362,0.424378651317769,2,4,5.69209163492784
"363",363,-1.11648067903824,1,3,1.76215059623678
"364",364,1.10545569640937,2,2,4.4756284940792
"365",365,0.69077405126261,1,1,0.986851300742615
"366",366,-0.931259617130539,2,5,5.02898665342615
"367",367,NA,1,5,NA
"368",368,-0.153863081194598,2,5,6.73629842453031
"369",369,0.496744566420144,1,4,1.33039620434035
"370",370,-0.0492584534154514,2,3,5.5001705124818
"371",371,0.653009539972116,1,3,0.693717892911365
"372",372,0.429177732646657,2,4,7.55603884909164
"373",373,NA,1,5,NA
"374",374,-1.14602228435866,2,2,1.57015964729539
"375",375,NA,1,5,NA
"376",376,0.529984626942834,2,5,6.54797234233908
"377",377,0.818771084240803,1,4,-0.955396103634307
"378",378,-2.47820357866379,2,2,3.61852659728574
"379",379,2.20734513202231,1,4,2.10345784613344
"380",380,0.981768722718642,2,2,4.17251604501279
"381",381,NA,1,2,NA
"382",382,0.96058724443141,2,NA,NA
"383",383,-0.381589957728469,1,2,0.628091926624495
"384",384,0.984849416014699,2,1,1.59444073467173
"385",385,0.333374756414375,1,4,0.5147907462108
"386",386,-0.184768510366809,2,4,4.89638224687862
"387",387,0.460924896327914,1,4,1.5334858266896
"388",388,-0.200945079068724,2,1,1.11887384802827
"389",389,-0.209625680773635,1,NA,NA
"390",390,-1.56216883977388,2,3,1.13101298205267
"391",391,-0.950111456131877,1,2,1.91945492352334
"392",392,1.06879493252157,2,5,7.27784333048328
"393",393,-0.15745760697519,1,1,0.171977646364134
"394",394,NA,2,4,NA
"395",395,-0.842995508866956,1,3,-0.819838683981126
"396",396,NA,2,5,NA
"397",397,0.40161587428758,1,1,1.68653188352894
"398",398,-0.57903182032191,2,1,4.99522817957827
"399",399,-0.00775094548117612,1,2,1.05626709777162
"400",400,NA,2,3,NA
"401",401,0.188534281642636,1,NA,NA
"402",402,-1.76443768375098,2,3,3.58740674508987
"403",403,-1.37727781743684,1,4,3.01609545713382
"404",404,NA,2,NA,NA
"405",405,-2.10271553400031,1,5,1.17886170929144
"406",406,-1.6792168785662,2,3,6.78806005584287
"407",407,0.0770485837203651,1,2,0.946981989730334
"408",408,-0.775390454048961,2,2,4.83918977902073
"409",409,-0.359059353033855,1,5,3.44535086325317
"410",410,NA,2,1,NA
"411",411,-0.30497678327536,1,2,0.845636620540827
"412",412,0.178732572999736,2,4,7.36400158791507
"413",413,1.44290608282789,1,1,1.69547897953111
"414",414,-1.11969384448555,2,3,4.74766872281248
"415",415,-0.307668786257721,1,2,0.00204779595553795
"416",416,1.22463532317858,2,5,8.9823658334161
"417",417,-0.949865073018928,1,1,1.40978983478148
"418",418,0.590132981439566,2,2,4.28064491733037
"419",419,0.884050165611545,1,1,1.66697086314614
"420",420,NA,2,4,NA
"421",421,0.845903652751139,1,3,0.215372011815223
"422",422,1.14642745751609,2,4,6.5806895413232
"423",423,-1.55981377245633,1,2,2.11964940795159
"424",424,0.223274378635376,2,4,7.00188654635751
"425",425,-0.203448445054298,1,4,0.214425080157263
"426",426,0.557455508385743,2,5,7.96399142415424
"427",427,0.461548633622391,1,NA,NA
"428",428,NA,2,NA,NA
"429",429,-0.213591775468105,1,1,2.09947287758397
"430",430,0.134775360354714,2,3,5.89211862623002
"431",431,-1.53763291945633,1,3,0.290365933182968
"432",432,-0.0410699174403146,2,NA,NA
"433",433,0.727052806058906,1,4,0.714919005327855
"434",434,-0.753907328969826,2,1,0.720438483347503
"435",435,-1.16253418257338,1,5,1.2013072864986
"436",436,0.125050407883221,2,4,5.10369596252116
"437",437,1.12609154834965,1,1,1.15507983911159
"438",438,-0.247807932539909,2,4,6.91451008825696
"439",439,-0.434874929163528,1,NA,NA
"440",440,NA,2,NA,NA
"441",441,0.29597975559898,1,3,1.71306371138574
"442",442,0.781339165302836,2,NA,NA
"443",443,0.0647556106207997,1,4,1.62244829537859
"444",444,0.528773436983307,2,1,2.76207540220705
"445",445,0.508704619440834,1,4,0.730552320499473
"446",446,0.211622690020769,2,4,5.5779104087987
"447",447,NA,1,5,NA
"448",448,-2.11336779681104,2,1,3.66204659220564
"449",449,-1.09711755594737,1,5,0.890663020579681
"450",450,0.437301398367413,2,5,7.75172587411601
"451",451,-0.848878683247079,1,1,3.15383977539503
"452",452,-0.140536362811115,2,1,2.50571465078145
"453",453,-0.446054525363235,1,2,2.9072140538732
"454",454,0.829333056275794,2,2,5.23556800710946
"455",455,0.250263546622198,1,2,2.92174346456223
"456",456,-1.19250936129455,2,2,4.77188458156423
"457",457,-0.57457682020755,1,3,1.41472642673163
"458",458,NA,2,4,NA
"459",459,-0.959378997882185,1,3,1.26580620964301
"460",460,NA,2,4,NA
"461",461,-0.924653491020382,1,3,-0.1328542909968
"462",462,0.0143153240763204,2,1,2.25989533015132
"463",463,-0.245901150893001,1,1,1.46439741445996
"464",464,0.0908716248835643,2,3,4.26567147502959
"465",465,-2.64865514856327,1,3,-0.632988006636659
"466",466,0.198139074044246,2,5,4.97087404274822
"467",467,NA,1,1,NA
"468",468,1.41411380317293,2,3,7.3666058432532
"469",469,0.539317778999898,1,4,0.868907819216395
"470",470,0.394012644179614,2,4,6.67187646974648
"471",471,-0.779941586156227,1,3,1.97574223298225
"472",472,-0.213269468038213,2,5,7.32117101909436
"473",473,NA,1,4,NA
"474",474,-2.48406081163266,2,3,3.80537818311216
"475",475,NA,1,2,NA
"476",476,0.213654215153763,2,1,4.02138043350667
"477",477,0.171690021356691,1,1,1.65958305859799
"478",478,0.477297054397051,2,3,6.67413898185492
"479",479,1.55773709798987,1,5,0.430961492945614
"480",480,-1.42922861720833,2,4,2.92641191186019
"481",481,NA,1,1,NA
"482",482,0.63735775799247,2,NA,NA
"483",483,0.791536622316433,1,3,1.02370199624431
"484",484,-0.216299257904899,2,4,5.0054840122605
"485",485,-0.74545032911029,1,4,0.153450633179837
"486",486,0.300093389797918,2,2,5.05674646925552
"487",487,1.58558317417977,1,1,1.93306471800993
"488",488,-0.897112582012894,2,1,4.29778749528091
"489",489,-0.105471547577357,1,NA,NA
"490",490,-0.849184234915268,2,3,4.6546962098224
"491",491,-0.677108720200926,1,4,0.901596629676364
"492",492,-0.769923631853652,2,2,6.13232625034693
"493",493,0.0176236694491481,1,1,-0.385220613905786
"494",494,NA,2,5,NA
"495",495,1.5788453657933,1,3,1.29625079024429
"496",496,NA,2,5,NA
"497",497,-2.59773643668995,1,2,1.25787838369667
"498",498,-0.0129007838563983,2,3,5.19192045527365
"499",499,-1.00446118775465,1,2,0.959403353071925
"500",500,NA,2,5,NA
"501",501,-0.253449685322772,1,NA,NA
"502",502,-0.363577235224281,2,5,5.71679601095911
"503",503,-1.01802112581527,1,4,0.98933914169708
"504",504,NA,2,NA,NA
"505",505,-0.398938894532748,1,3,0.491311708331195
"506",506,0.0722157651955069,2,4,7.0458143819857
"507",507,-0.783766736531929,1,3,0.947142488378504
"508",508,-0.974421666441131,2,3,5.87272976338702
"509",509,-0.57854838079966,1,5,2.37791106849718
"510",510,NA,2,2,NA
"511",511,-0.446932883598925,1,3,1.69297697249312
"512",512,0.0890349697194026,2,2,4.06314451876562
"513",513,0.0782483063899551,1,4,-0.599259040206084
"514",514,1.23571943370668,2,2,5.60084483708601
"515",515,-1.33861783284665,1,2,1.29428313127381
"516",516,0.423974498127939,2,1,4.88139848508534
"517",517,-0.70001319695624,1,5,1.61715157831658
"518",518,-0.752066191760405,2,4,4.67512642295141
"519",519,0.335043421622349,1,4,1.56266218710526
"520",520,NA,2,3,NA
"521",521,0.4679092983984,1,4,0.371106237893319
"522",522,0.288106040495613,2,5,7.68533864577523
"523",523,-1.05693307157012,1,5,1.91329261846013
"524",524,0.531993326903185,2,5,8.50107690686108
"525",525,-0.514032023864386,1,2,1.44484019323801
"526",526,-0.582543860091348,2,4,5.78520240370858
"527",527,0.457572866831147,1,NA,NA
"528",528,NA,2,NA,NA
"529",529,0.234666626617959,1,1,0.414985545203022
"530",530,0.960596228471805,2,5,8.32428099784459
"531",531,-0.470191496935708,1,5,1.01656961575226
"532",532,-0.470591519430357,2,NA,NA
"533",533,1.24392384628373,1,5,0.344545045383021
"534",534,0.663131849280429,2,1,3.03234566950593
"535",535,0.698784907631083,1,1,-0.75788309624753
"536",536,0.196412553288408,2,5,6.85332817643829
"537",537,1.32976784165813,1,2,1.6293388550074
"538",538,1.03910550878627,2,2,3.65259087124487
"539",539,0.70794939508724,1,NA,NA
"540",540,NA,2,NA,NA
"541",541,-0.321608504391523,1,1,0.769242478583738
"542",542,1.84835540333493,2,NA,NA
"543",543,-0.110252442652681,1,2,1.43183745657923
"544",544,0.679546150072007,2,2,4.67196297223435
"545",545,0.896954108363242,1,3,1.17607090191596
"546",546,1.45118668063512,2,5,9.22264617842113
"547",547,NA,1,2,NA
"548",548,0.531646113697092,2,2,4.27696730793824
"549",549,-0.0619584573141369,1,5,-0.832708489008433
"550",550,0.87126892385461,2,1,2.54924199740464
"551",551,0.10198690294591,1,5,1.70702727893078
"552",552,-0.890849484404235,2,5,7.35423197799734
"553",553,-0.184224044803593,1,2,0.752666117791218
"554",554,-0.786604797741113,2,4,4.46395231562901
"555",555,-0.23746354859838,1,1,0.100950714867987
"556",556,-1.44915810021296,2,1,4.1861636577083
"557",557,-1.04481519190231,1,2,-0.168590800513937
"558",558,NA,2,4,NA
"559",559,0.599011250844789,1,4,0.551391700834904
"560",560,NA,2,5,NA
"561",561,-0.971904644497579,1,2,1.64472470604587
"562",562,-0.661977876820742,2,1,2.57672415730815
"563",563,1.21492562600334,1,3,0.804969637477129
"564",564,1.23873810947605,2,5,7.43552132457946
"565",565,-0.277202643937762,1,3,-0.604139769290083
"566",566,0.759359367929486,2,4,6.18066435240585
"567",567,NA,1,4,NA
"568",568,0.0144490633904165,2,1,4.66822305890497
"569",569,0.744195844985817,1,3,2.14214804641039
"570",570,1.02135199167469,2,3,4.76323343239437
"571",571,-0.120439352179152,1,3,0.937629057028517
"572",572,0.58697674549767,2,5,6.75726571874821
"573",573,NA,1,4,NA
"574",574,-0.755334467867323,2,4,5.00306980467218
"575",575,NA,1,3,NA
"576",576,-0.156917487027297,2,2,4.73180863120583
"577",577,1.4923163906102,1,2,0.525785376832041
"578",578,-0.167662793043698,2,5,6.46151444549285
"579",579,-0.30130245688183,1,2,0.864390466797391
"580",580,0.757707414052679,2,3,4.2227128960835
"581",581,NA,1,5,NA
"582",582,0.016581813711428,2,NA,NA
"583",583,1.07073091209423,1,5,0.292184082432286
"584",584,0.574628256367391,2,3,4.14422452260441
"585",585,0.255139061700097,1,4,1.8443544758625
"586",586,-1.08657999642653,2,5,8.40855127661773
"587",587,-0.316034856630406,1,2,1.68822159821752
"588",588,1.61983014749907,2,2,3.66527384406216
"589",589,0.935949403354941,1,NA,NA
"590",590,-0.24044798723657,2,1,2.65843996957929
"591",591,0.606214111871221,1,5,1.16330081319487
"592",592,0.159056231326551,2,5,7.24282666590865
"593",593,1.03960664404891,1,1,0.723146731381257
"594",594,NA,2,1,NA
"595",595,-0.602084604949421,1,5,-0.240732815824563
"596",596,NA,2,2,NA
"597",597,0.4740287901867,1,3,-1.09826830515064
"598",598,-0.81422627265678,2,4,5.98747406454343
"599",599,-0.908956858885419,1,4,1.26871113823602
"600",600,NA,2,4,NA
"601",601,-0.016601297144434,1,NA,NA
"602",602,-0.142634907463285,2,5,6.63744557632331
"603",603,0.673998344849098,1,3,1.360891502087
"604",604,NA,2,NA,NA
"605",605,2.24805044509064,1,2,1.64411197104774
"606",606,-0.39797245898998,2,2,2.78892069198671
"607",607,-1.5239511986615,1,1,-0.160334641330823
"608",608,-0.44030720157425,2,4,6.92021801493082
"609",609,-1.49692332582133,1,3,-0.0634003087208705
"610",610,NA,2,5,NA
"611",611,1.0261424453597,1,3,-0.233286187941539
"612",612,-0.731567316307959,2,3,4.31545454462205
"613",613,0.507521582619252,1,5,-0.2762358340995
"614",614,-0.166524027497904,2,2,3.84639573174825
"615",615,1.1621067934308,1,1,-0.163827604611827
"616",616,-1.46132149437488,2,1,2.88921141729916
"617",617,0.394684377675458,1,1,1.00126494614679
"618",618,0.541619006937224,2,2,5.03568144031124
"619",619,-1.618782727428,1,2,3.63285029590469
"620",620,NA,2,1,NA
"621",621,0.228129844855807,1,4,-0.343483671755462
"622",622,2.10970483146213,2,4,7.9760969752614
"623",623,-1.25929903643461,1,1,0.426130868591521
"624",624,-0.530946497265237,2,5,4.90179621525251
"625",625,-0.758655215558158,1,3,2.27666440964389
"626",626,0.921899483891935,2,1,1.51108179318763
"627",627,0.167115104569641,1,NA,NA
"628",628,NA,2,NA,NA
"629",629,-0.514496248655321,1,3,-0.269605446704081
"630",630,0.111962295785328,2,2,3.07601085601293
"631",631,0.153562619946069,1,5,1.15433489601955
"632",632,1.70247456927465,2,NA,NA
"633",633,-0.474188929800755,1,5,0.538928835679998
"634",634,-0.360125594003736,2,1,2.12486889275427
"635",635,0.152416282979484,1,1,1.19790009716456
"636",636,0.847287119333269,2,4,6.44780642383943
"637",637,-0.958307615238032,1,1,3.26450637685137
"638",638,-0.709315851125557,2,5,6.19574499549867
"639",639,-1.06825498249213,1,NA,NA
"640",640,NA,2,NA,NA
"641",641,0.12681330091337,1,2,1.77059537949017
"642",642,0.0208161798716754,2,NA,NA
"643",643,-0.266310530342998,1,1,1.5504271995996
"644",644,-1.89394653523254,2,5,5.45227221226406
"645",645,-0.400357258246331,1,2,1.27330346290874
"646",646,3.1162047724516,2,1,5.43893557336811
"647",647,NA,1,3,NA
"648",648,0.76200235183366,2,2,4.48001573262439
"649",649,-0.167895834946462,1,1,1.317023585726
"650",650,-0.946285986221366,2,3,2.99889161404023
"651",651,0.617201502989265,1,4,0.645393823395249
"652",652,1.24856649204332,2,1,2.19181437610757
"653",653,-0.268320421273449,1,1,0.222531302248373
"654",654,-0.705706708452395,2,5,5.77460009971357
"655",655,-0.807886851056703,1,3,-0.710122879019456
"656",656,1.87307594219763,2,1,4.56216578891677
"657",657,1.48903531865444,1,1,1.30399379861384
"658",658,NA,2,1,NA
"659",659,1.79850820326133,1,2,2.06990571516074
"660",660,NA,2,1,NA
"661",661,-1.50056905350137,1,1,0.669407106865135
"662",662,-1.21723607607241,2,1,4.13987648940447
"663",663,-0.476397975700619,1,3,2.83526288854758
"664",664,-0.193721114612226,2,1,3.60496498278622
"665",665,-1.18156532836282,1,4,0.529112346509776
"666",666,0.657716538670651,2,1,3.83254986903083
"667",667,NA,1,1,NA
"668",668,0.544384500250355,2,4,7.47681300841571
"669",669,0.583044543007574,1,5,0.508387805654016
"670",670,-0.514952837632587,2,5,6.23564538076054
"671",671,-0.307391693419507,1,3,-0.272361643710612
"672",672,-1.41730142437014,2,1,2.84765678624358
"673",673,NA,1,5,NA
"674",674,-1.06205147548591,2,3,2.01927906483532
"675",675,NA,1,1,NA
"676",676,-1.76665381542642,2,3,5.61886470815849
"677",677,-0.254830148562896,1,1,1.3516140410818
"678",678,1.52428670245206,2,3,6.53350374135555
"679",679,-0.102189717679607,1,4,-0.612232902701866
"680",680,-0.000774547535077549,2,5,5.28493960834834
"681",681,NA,1,3,NA
"682",682,0.45646718513312,2,NA,NA
"683",683,0.454363083845556,1,2,0.867943089211831
"684",684,0.398711685732046,2,4,4.89673396324793
"685",685,-0.937517009870265,1,3,0.197997351186778
"686",686,-1.23406922737558,2,1,2.99659228672942
"687",687,-0.895402508352159,1,1,-0.00700366833073551
"688",688,-0.394744082687367,2,5,4.22736272430879
"689",689,-0.630440290394364,1,NA,NA
"690",690,1.67374526842933,2,4,6.60608329466277
"691",691,0.990022206062806,1,5,0.345865151663979
"692",692,-1.26249627709584,2,3,2.77479234805688
"693",693,1.00887131766451,1,3,0.530498345300207
"694",694,NA,2,5,NA
"695",695,-0.406329242813428,1,1,1.93445555349736
"696",696,NA,2,2,NA
"697",697,-1.88006157186113,1,5,1.07941120210556
"698",698,-0.384175938348687,2,2,3.27721453990934
"699",699,0.708510975263465,1,2,0.509238613283096
"700",700,NA,2,3,NA
"701",701,0.938092185149801,1,NA,NA
"702",702,0.238277290516523,2,2,4.93793074209544
"703",703,1.31368236793972,1,3,-0.175514366901498
"704",704,NA,2,NA,NA
"705",705,0.586835000113041,1,4,0.6226210149051
"706",706,-1.878626329973,2,5,2.97704098747468
"707",707,-1.27723387898088,1,4,1.68849671101858
"708",708,0.825777461365976,2,3,6.34901128270158
"709",709,0.754413428155281,1,1,1.03350227203968
"710",710,NA,2,5,NA
"711",711,-0.141274864726097,1,3,0.244752727341506
"712",712,1.49292705870808,2,5,9.64894269197464
"713",713,-0.977050159481598,1,3,1.53883357262638
"714",714,0.824115216854107,2,3,4.69330911418114
"715",715,0.512006201097762,1,2,1.16988860899493
"716",716,-0.52762898468519,2,1,1.29730269214212
"717",717,-1.42591134343088,1,3,0.437679852121253
"718",718,-0.531005439834283,2,4,3.92942117908199
"719",719,-0.353321640862581,1,1,2.03560350340961
"720",720,NA,2,4,NA
"721",721,-0.510818796406728,1,2,2.56385528244299
"722",722,0.946873025290917,2,5,8.22386394128738
"723",723,-0.0597164970069577,1,3,-0.292331064570683
"724",724,0.662332503916329,2,2,3.65063791524292
"725",725,-1.21672874063548,1,4,1.90182977468633
"726",726,0.285282588262622,2,3,7.66597004567854
"727",727,-0.499057754038337,1,NA,NA
"728",728,NA,2,NA,NA
"729",729,-0.644688100047148,1,5,1.16964209911808
"730",730,0.979400419887374,2,4,7.79987059959534
"731",731,0.293946749320092,1,4,0.32347590491735
"732",732,-0.17761948341993,2,NA,NA
"733",733,-0.88525845550245,1,4,-0.387539759467471
"734",734,-0.334629985717326,2,3,4.96211279960715
"735",735,-0.269632820456811,1,4,1.62614656494639
"736",736,-0.726697032404462,2,4,4.23403818708562
"737",737,0.0991220516540897,1,4,0.1159454112312
"738",738,-1.45413173197768,2,1,2.99260317449617
"739",739,1.60558923109839,1,NA,NA
"740",740,NA,2,NA,NA
"741",741,0.103993203224308,1,4,1.81459848406928
"742",742,1.94891670912412,2,NA,NA
"743",743,-1.08851886368615,1,4,2.12239202616229
"744",744,1.75942307878308,2,2,4.10988962115733
"745",745,0.724774111407827,1,2,-0.695904936276558
"746",746,-1.39410402600867,2,5,4.90570017187407
"747",747,NA,1,4,NA
"748",748,1.05666478113247,2,3,3.8001568561485
"749",749,0.642133465928677,1,5,-0.144222790885785
"750",750,1.02992491854467,2,1,2.86470015549076
"751",751,1.14704226615818,1,4,0.162064923398854
"752",752,-0.0335170313827598,2,5,5.8584065613258
"753",753,-0.460243571422663,1,5,1.46449348865892
"754",754,2.09134075862864,2,1,3.74105557486753
"755",755,-1.04244065141126,1,4,-1.17588475479711
"756",756,-2.15593638463652,2,1,3.18309094004787
"757",757,1.04715179032561,1,3,1.53296473026129
"758",758,NA,2,1,NA
"759",759,1.46390283700408,1,4,0.174643980278886
"760",760,NA,2,5,NA
"761",761,-0.0752540119626824,1,4,1.46899791286509
"762",762,0.457186053402007,2,5,8.21286078218142
"763",763,-1.27542295101203,1,4,-0.0370814946602116
"764",764,-0.212972888874518,2,2,3.32782869944159
"765",765,1.91660527801336,1,4,1.07775551877571
"766",766,-0.450931989543608,2,5,7.18906876985963
"767",767,NA,1,1,NA
"768",768,-0.067546887456787,2,5,6.46555919470906
"769",769,0.142896697633331,1,5,1.56688613798997
"770",770,0.697089506580961,2,4,7.30117685585836
"771",771,-0.611871882661565,1,1,0.996380996063325
"772",772,-0.025687430557602,2,2,3.97003552404085
"773",773,NA,1,3,NA
"774",774,1.58703169177238,2,3,6.74408345868748
"775",775,NA,1,4,NA
"776",776,-1.33591544255427,2,2,3.11693043436436
"777",777,0.763453966415975,1,2,1.33464331249639
"778",778,0.0614914953729724,2,5,7.39236754926347
"779",779,-0.313965814287748,1,3,1.49846559980682
"780",780,-1.13965202245652,2,2,2.82350443634944
"781",781,NA,1,1,NA
"782",782,-0.189833828313177,2,NA,NA
"783",783,0.315259165841315,1,5,1.7368750801052
"784",784,0.816937071116206,2,2,6.73510401558993
"785",785,0.287516810219117,1,5,1.88464155927688
"786",786,-1.80682421690433,2,4,3.3343919148293
"787",787,0.414719318248631,1,2,0.800874712237978
"788",788,-0.887123404623724,2,2,4.90230605420728
"789",789,-1.25550864384733,1,NA,NA
"790",790,1.25486627935226,2,1,2.20789187533312
"791",791,0.0838071380416794,1,3,1.58649494030813
"792",792,-1.26372469959049,2,1,2.43713472052572
"793",793,1.62385967043177,1,2,0.404246409276512
"794",794,NA,2,4,NA
"795",795,0.989828862862721,1,5,0.111749130348367
"796",796,NA,2,5,NA
"797",797,0.381585198067648,1,3,0.134923855475148
"798",798,-0.157592960446327,2,5,7.64765986526273
"799",799,-0.561513326407825,1,3,1.65856045490558
"800",800,NA,2,5,NA
"801",801,1.12289244563303,1,NA,NA
"802",802,0.150641447618709,2,3,4.42236774789038
"803",803,-1.31032276909033,1,1,1.55394783269296
"804",804,NA,2,NA,NA
"805",805,0.16227243512199,1,2,1.22856730531857
"806",806,-0.0150520114331805,2,2,5.40766065883968
"807",807,0.477545700951856,1,1,0.156905828573255
"808",808,-0.728300785696902,2,4,5.9649104557045
"809",809,-1.46146095413469,1,3,1.08767556357688
"810",810,NA,2,4,NA
"811",811,-1.03006133428397,1,4,0.427348129151425
"812",812,-1.86037165949397,2,1,5.4056614051787
"813",813,1.28638049683714,1,2,0.964284253269302
"814",814,0.763032433645817,2,2,3.42113267493107
"815",815,1.95737576865837,1,2,1.15308313891054
"816",816,1.09714533703837,2,2,5.47805286392692
"817",817,-0.590888862401615,1,3,-0.996695425790483
"818",818,-0.00676544078824787,2,2,4.35226317014569
"819",819,2.11214342982975,1,1,2.38118116094599
"820",820,NA,2,1,NA
"821",821,0.453368064637215,1,4,0.255766994234254
"822",822,1.14743814862383,2,3,5.8357990338771
"823",823,-0.321831489195971,1,4,1.37633183194958
"824",824,-1.03548807918686,2,1,1.6483297494346
"825",825,-0.114258938301219,1,5,1.00757255739925
"826",826,0.856646585347864,2,5,7.46027896134653
"827",827,0.641539241671819,1,NA,NA
"828",828,NA,2,NA,NA
"829",829,0.514841870530211,1,4,1.97353967244186
"830",830,-0.485963313318268,2,4,5.21597408598852
"831",831,-0.19623759527096,1,1,0.965028404648563
"832",832,-0.355400256175168,2,NA,NA
"833",833,0.407339300532976,1,4,-0.584555381730786
"834",834,-0.813633677375914,2,4,5.50086050938904
"835",835,1.2518902579272,1,5,1.72508947992952
"836",836,0.785492965710652,2,3,5.3454035354762
"837",837,0.714744085828734,1,1,1.73824717838386
"838",838,-0.0722753210709094,2,3,6.824271843633
"839",839,-0.748663664935483,1,NA,NA
"840",840,NA,2,NA,NA
"841",841,0.203725207269628,1,4,0.65161904611255
"842",842,-0.781860968431713,2,NA,NA
"843",843,0.0244476997786148,1,1,1.95391137713773
"844",844,1.09180825776007,2,1,1.84966912993833
"845",845,-0.324864364546024,1,2,2.60344340653849
"846",846,1.68196553283918,2,1,2.29739525921845
"847",847,NA,1,5,NA
"848",848,0.0266849557743569,2,1,3.20133265577494
"849",849,3.38498855322008,1,3,-0.454581122046128
"850",850,-1.01486437732976,2,4,6.54324320000867
"851",851,2.08649794205535,1,2,1.67278593477163
"852",852,-0.152103577132329,2,2,2.46239386486019
"853",853,-0.932730610963501,1,1,3.10118689645987
"854",854,0.145408581677512,2,5,7.85388017286961
"855",855,-0.60018601131144,1,3,0.985703897852127
"856",856,0.479058979853801,2,2,4.61435893398737
"857",857,0.60885349219796,1,4,-0.400181968920883
"858",858,NA,2,5,NA
"859",859,0.133002076021591,1,2,0.676686484877787
"860",860,NA,2,2,NA
"861",861,0.715745153396029,1,3,1.20110647494675
"862",862,-0.262510418549065,2,5,7.77939502672622
"863",863,0.439199562239157,1,3,1.02391706967413
"864",864,0.188856545355823,2,2,5.33422127464757
"865",865,0.434652870042716,1,4,0.284704990619747
"866",866,-0.325432171765991,2,3,4.86023517695079
"867",867,NA,1,4,NA
"868",868,-0.729194302166876,2,5,5.98784831665729
"869",869,-1.26244917310195,1,5,2.74444183441871
"870",870,-0.398268890641239,2,3,3.19655946569305
"871",871,-0.456624140040381,1,5,0.288567783694614
"872",872,0.310474438944027,2,5,7.29711755601886
"873",873,NA,1,3,NA
"874",874,-0.134731220200636,2,5,5.61943320977496
"875",875,NA,1,2,NA
"876",876,-0.532562816152779,2,1,3.86252974125114
"877",877,-0.0464205687189877,1,4,-1.88448977562441
"878",878,-0.0568528346794381,2,4,6.19501168410851
"879",879,1.07164822590024,1,4,0.121357251868992
"880",880,-0.747974895430543,2,2,2.55138294312629
"881",881,NA,1,4,NA
"882",882,-0.246305720355266,2,NA,NA
"883",883,1.65618653098985,1,4,0.67413825639791
"884",884,-0.187161085902905,2,1,4.08893416094856
"885",885,-0.936397806293397,1,5,0.259565450507052
"886",886,-1.41626343980351,2,2,3.41126646347866
"887",887,1.43948295330847,1,5,1.32266063967018
"888",888,1.95000743724416,2,1,2.30045118094496
"889",889,0.0791839685487639,1,NA,NA
"890",890,-1.30436202537358,2,3,3.52142017967387
"891",891,0.103117918592636,1,3,0.669365198535942
"892",892,-1.6890879117875,2,4,5.55877643091294
"893",893,0.314690814097919,1,5,2.01536459873531
"894",894,NA,2,2,NA
"895",895,-0.671730044511104,1,1,1.80577823235428
"896",896,NA,2,3,NA
"897",897,0.378818143997706,1,3,1.41988689564159
"898",898,-0.724042810034356,2,5,6.6940888749546
"899",899,-0.469042984695552,1,2,1.64430141394604
"900",900,NA,2,4,NA
"901",901,-0.154499758987341,1,NA,NA
"902",902,0.593410518873552,2,3,4.68922435701475
"903",903,1.27333076465795,1,4,2.59343062621451
"904",904,NA,2,NA,NA
"905",905,0.227648577505628,1,5,1.24612169521181
"906",906,0.0592648484476642,2,1,2.02336237192281
"907",907,0.269710597325575,1,3,0.95076232994606
"908",908,-1.45114249390162,2,2,3.08482992539257
"909",909,-1.01051187960596,1,1,2.64492166812793
"910",910,NA,2,1,NA
"911",911,0.672034268141333,1,5,1.12515154873367
"912",912,0.735064497442756,2,3,4.8599553820857
"913",913,-0.835812290238582,1,5,0.908178560852634
"914",914,0.454507175849462,2,4,5.76135002630366
"915",915,0.929753386609033,1,3,1.58845735784668
"916",916,0.506606456310441,2,2,3.93557352518407
"917",917,0.227262788576674,1,4,1.67862334381325
"918",918,0.252111529231338,2,2,4.39298577606887
"919",919,0.835408485799397,1,3,0.979013392125219
"920",920,NA,2,1,NA
"921",921,1.99949148773097,1,5,1.17269034068797
"922",922,2.63625231699693,2,2,5.64003898034579
"923",923,0.772899890034999,1,4,0.915199603456043
"924",924,-0.323948386000973,2,2,2.27300084159609
"925",925,-0.340518688111126,1,4,1.44104645625836
"926",926,0.555917455312405,2,1,4.27635631124714
"927",927,-0.764325385759483,1,NA,NA
"928",928,NA,2,NA,NA
"929",929,0.887990033674285,1,4,0.496058608201046
"930",930,0.609360731798026,2,1,2.89647941698751
"931",931,1.70034066503829,1,5,2.97196597902999
"932",932,1.26579120257854,2,NA,NA
"933",933,-0.241288564763405,1,1,0.638334661188087
"934",934,0.458420730901918,2,3,4.79793372898363
"935",935,-1.09245195047196,1,4,0.549713239860943
"936",936,2.05955707404839,2,3,6.45458693832109
"937",937,-1.28413375530282,1,1,0.388084894089387
"938",938,-0.446012881865988,2,1,3.35669143065582
"939",939,-1.71122973567035,1,NA,NA
"940",940,NA,2,NA,NA
"941",941,-0.0439816814614103,1,3,1.02628025460837
"942",942,0.510682496472447,2,NA,NA
"943",943,0.105687123552419,1,5,0.65450148465891
"944",944,0.807308848209836,2,1,4.28099820470706
"945",945,-0.36639205850938,1,5,-0.0905297314961566
"946",946,0.00635017086753445,2,5,5.91890853695264
"947",947,NA,1,1,NA
"948",948,-0.549111779735257,2,1,2.86543759643832
"949",949,0.281567711213104,1,2,-0.280959016876392
"950",950,0.146425700933059,2,5,6.56262645003252
"951",951,0.0268972743145866,1,5,3.04292664602503
"952",952,0.705448889984421,2,5,8.17335638857252
"953",953,1.52589432252229,1,2,1.29562582123076
"954",954,-0.0148969977962056,2,4,7.42224587992497
"955",955,0.203943291558657,1,1,2.4897430452337
"956",956,0.259653643016508,2,2,1.82327041387742
"957",957,1.85844769025929,1,1,0.44956038634151
"958",958,NA,2,2,NA
"959",959,-2.00422608147662,1,3,0.95202549371701
"960",960,NA,2,4,NA
"961",961,-0.508464740171436,1,5,0.488809827089748
"962",962,2.209839031476,2,5,10.8053343550118
"963",963,0.636807969620772,1,2,1.46033285725572
"964",964,-0.672820827776529,2,1,0.493488438302464
"965",965,-0.461696395987399,1,4,0.868689811461401
"966",966,2.17363401458761,2,3,7.25171173705221
"967",967,NA,1,3,NA
"968",968,-1.24221675138547,2,4,5.67541922739383
"969",969,-0.0838154412551481,1,4,1.4693838263478
"970",970,-0.217943849318363,2,4,4.2712450778348
"971",971,0.184831041993105,1,5,0.27590101203756
"972",972,-0.121924388334779,2,4,6.57426462857025
"973",973,NA,1,3,NA
"974",974,-0.546676855439576,2,2,3.38105264832396
"975",975,NA,1,3,NA
"976",976,0.65042807563799,2,5,6.80053893620647
"977",977,0.668771287477027,1,1,1.41182519115924
"978",978,1.0793369582356,2,2,4.42007136790215
"979",979,-0.651106180677665,1,1,1.07702643816255
"980",980,0.685361472600537,2,1,2.43032833975675
"981",981,NA,1,5,NA
"982",982,1.13475456519906,2,NA,NA
"983",983,0.0995626772347128,1,3,1.41485562308044
"984",984,-0.243566931340303,2,4,4.11712305292813
"985",985,1.59207976461552,1,4,1.0498181329943
"986",986,0.975947528173987,2,2,2.65170195259532
"987",987,1.80821851532497,1,3,2.78845629433343
"988",988,0.0902724229172094,2,3,4.34300442494288
"989",989,-0.244077977163499,1,NA,NA
"990",990,0.487247503328161,2,2,4.56308982428671
"991",991,0.372283987029004,1,5,1.75225651840646
"992",992,-0.370953975658286,2,4,5.320103669906
"993",993,1.36198023845889,1,1,2.16532127078204
"994",994,NA,2,5,NA
"995",995,-0.194169469361028,1,4,-0.377556009049271
"996",996,NA,2,1,NA
"997",997,-0.510014230665979,1,1,-0.330300291054318
"998",998,-0.196013428366596,2,5,6.37010617081374
"999",999,-0.017436950583425,1,5,1.11192974801058
"1000",1000,NA,2,3,NA
