"IlAdi","IlceAdi","Chp","Akp","Hdp","Mhp","Iyi","Sp","Vatan","HudaPa","Diger","Ittifak1","Ittifak2"
"NULL","NULL",4058,2916,3659,340,815,76,36,48,0,22,36
"ADANA","ALADAĞ",1557,5092,63,1859,1598,135,44,45,4,11,99
"ADANA","CEYHAN",21430,28443,15444,13283,12238,779,190,372,42,157,846
"ADANA","ÇUKUROVA",89383,56316,19182,23604,40230,2922,447,354,109,713,1616
"ADANA","FEKE",1560,6001,223,1665,1487,128,43,57,7,21,116
"ADANA","İMAMOĞLU",2711,7998,389,2440,2362,227,33,37,3,25,242
"ADANA","KARAİSALI",1292,7879,91,2432,2038,187,25,46,2,12,139
"ADANA","KARATAŞ",5232,3453,1569,1900,1505,104,24,31,0,34,111
"ADANA","KOZAN",11172,36105,924,11984,14051,1039,208,246,19,136,899
"ADANA","POZANTI",2684,5801,233,2003,1709,212,28,30,4,20,153
"ADANA","SAİMBEYLİ",922,4429,69,2107,868,79,43,36,5,11,119
"ADANA","SARIÇAM",14026,37298,4109,19863,13903,858,112,265,19,166,1264
"ADANA","SEYHAN",145572,163395,104772,44334,46469,5213,1025,2537,141,1036,3864
"ADANA","TUFANBEYLİ",2084,4626,156,2508,1018,167,33,64,4,10,139
"ADANA","YUMURTALIK",2678,3807,391,1787,2025,99,33,29,1,27,118
"ADANA","YÜREĞİR",49539,88294,37420,22022,20010,2193,338,2929,50,456,1990
"ADIYAMAN","BESNİ",7839,22450,4448,3770,3118,492,126,184,0,85,321
"ADIYAMAN","ÇELİKHAN",1299,5348,1909,509,210,239,14,43,0,10,53
"ADIYAMAN","GERGER",309,6688,788,284,180,163,26,41,0,9,40
"ADIYAMAN","GÖLBAŞI",6492,13369,2256,4106,1982,270,80,88,0,54,308
"ADIYAMAN","KAHTA",1780,40651,9707,3304,1195,1377,123,2301,0,31,316
"ADIYAMAN","MERKEZ",21296,80895,32013,16923,10293,2699,184,1322,0,168,1146
"ADIYAMAN","SAMSAT",105,2853,384,418,174,146,1,219,0,4,15
"ADIYAMAN","SİNCİK",147,9046,196,497,305,104,4,26,0,4,37
"ADIYAMAN","TUT",1298,2763,305,747,473,37,18,26,0,10,48
"AFYONKARAHİSAR","BAŞMAKÇI",1707,3061,32,881,893,56,39,27,0,20,81
"AFYONKARAHİSAR","BAYAT",711,2630,28,622,693,29,28,18,0,10,84
"AFYONKARAHİSAR","BOLVADİN",2445,14450,154,5984,2963,370,47,56,0,48,478
"AFYONKARAHİSAR","ÇAY",3783,9935,143,2556,3194,187,80,64,0,47,214
"AFYONKARAHİSAR","ÇOBANLAR",762,4234,25,1696,1150,57,15,25,0,9,137
"AFYONKARAHİSAR","DAZKIRI",1560,3647,41,1058,1082,71,15,24,0,21,86
"AFYONKARAHİSAR","DİNAR",7561,12921,273,4054,4463,301,109,98,0,95,334
"AFYONKARAHİSAR","EMİRDAĞ",4490,11339,189,2532,2740,203,74,70,0,37,283
"AFYONKARAHİSAR","EVCİLER",1305,2321,15,552,678,29,8,11,0,7,53
"AFYONKARAHİSAR","HOCALAR",562,3726,35,997,654,54,32,26,0,6,114
"AFYONKARAHİSAR","İHSANİYE",1841,11268,61,2971,1546,155,53,25,0,20,210
"AFYONKARAHİSAR","İSCEHİSAR",680,9838,73,1747,2440,157,27,28,0,21,306
"AFYONKARAHİSAR","KIZILÖREN",284,809,7,270,284,10,9,7,0,2,24
"AFYONKARAHİSAR","MERKEZ",20380,99451,1728,24551,25410,2238,272,229,0,354,2281
"AFYONKARAHİSAR","SANDIKLI",4231,19861,224,4766,5176,511,126,92,0,59,448
"AFYONKARAHİSAR","SİNANPAŞA",3143,16053,64,3575,2864,171,80,62,0,45,366
"AFYONKARAHİSAR","SULTANDAĞI",4412,2951,222,886,2090,104,69,65,0,47,59
"AFYONKARAHİSAR","SULTANHANI",708,2987,16,548,494,39,4,14,0,9,37
"AFYONKARAHİSAR","ŞUHUT",4078,15344,96,2357,2420,270,58,50,0,33,289
"AĞRI","DİYADİN",403,3101,12582,189,202,140,45,69,5,13,36
"AĞRI","DOĞUBAYAZIT",1110,7202,39269,603,525,217,91,453,19,30,90
"AĞRI","ELEŞKİRT",268,7827,5420,444,253,272,28,88,5,13,60
"AĞRI","HAMUR",232,2835,3953,74,115,67,18,43,13,2,19
"AĞRI","MERKEZ",5733,43667,33761,4930,2446,996,159,888,227,64,479
"AĞRI","PATNOS",1559,9761,36608,735,446,247,79,129,8,25,98
"AĞRI","TAŞLIÇAY",172,1866,5782,525,221,55,15,43,5,6,59
"AĞRI","TUTAK",242,3734,8063,776,280,63,31,33,5,12,97
"AKSARAY","AĞAÇÖREN",267,2934,17,1277,452,64,8,23,0,5,130
"AKSARAY","ESKİL",1582,9140,28,2911,1387,156,27,35,0,16,171
"AKSARAY","GÜLAĞAÇ",2138,5487,193,2160,744,94,35,21,0,15,186
"AKSARAY","GÜZELYURT",959,3625,137,1540,342,32,15,18,0,7,154
"AKSARAY","MERKEZ",20876,108438,9633,36876,19675,1464,381,612,0,306,2645
"AKSARAY","ORTAKÖY",1580,10906,127,3681,2000,158,53,39,0,26,303
"AKSARAY","SARIYAHŞİ",340,1476,16,401,260,71,13,17,0,7,33
"AKSARAY","SULTANHANI",708,2987,16,548,494,39,4,14,0,9,37
"AMASYA","GÖYNÜCEK",1483,3827,161,902,668,52,28,24,0,12,78
"AMASYA","GÜMÜŞHACIKÖY",7758,6105,613,1147,1088,211,22,32,0,41,129
"AMASYA","HAMAMÖZÜ",633,1393,28,445,213,23,13,8,0,5,43
"AMASYA","MERKEZ",25003,55175,6035,14097,14186,1117,209,184,0,253,1174
"AMASYA","MERZİFON",15710,19253,1097,5859,5854,606,77,60,0,98,453
"AMASYA","SULUOVA",3701,18476,352,4519,3407,398,66,47,0,49,420
"AMASYA","TAŞOVA",4187,11778,187,2344,2471,182,82,74,0,43,294
"ANKARA","AKYURT",1491,12652,392,3872,1494,244,30,38,0,15,348
"ANKARA","ALTINDAĞ",40176,118406,9425,28767,19277,3190,410,259,0,466,3058
"ANKARA","AYAŞ",2723,3723,279,1093,857,84,33,21,2,22,65
"ANKARA","BALA",1416,5502,1029,2846,1141,91,18,32,3,25,223
"ANKARA","BEYPAZARI",3517,14822,573,6814,5238,381,87,58,7,48,434
"ANKARA","ÇAMLIDERE",411,3707,11,1236,316,49,9,9,0,8,71
"ANKARA","ÇANKAYA",282527,105582,64257,40309,89048,8488,2107,375,727,2835,3006
"ANKARA","ÇUBUK",8649,39766,2641,11406,5134,963,120,102,0,135,943
"ANKARA","ELMADAĞ",9630,15804,3742,4855,3620,837,60,83,11,83,328
"ANKARA","ETİMESGUT",94635,124562,21398,47930,55046,6103,707,344,170,1231,3482
"ANKARA","EVREN",289,928,13,323,267,22,8,6,1,1,19
"ANKARA","GÖLBAŞI",15285,30381,5048,14242,9879,1774,144,72,67,238,918
"ANKARA","GÜDÜL",942,3678,67,1021,806,85,53,17,0,11,84
"ANKARA","HAYMANA",1644,9796,2300,1817,888,298,28,72,4,11,155
"ANKARA","KAHRAMANKAZAN",3051,17423,818,6143,3825,449,67,46,0,40,409
"ANKARA","KALECİK",1418,4766,91,1347,963,85,38,17,0,21,128
"ANKARA","KEÇİÖREN",119562,262238,26203,84098,69027,9321,1104,629,0,1524,7025
"ANKARA","KIZILCAHAMAM",1695,10150,126,3321,2181,358,45,55,0,39,266
"ANKARA","MAMAK",116187,159473,25664,51664,35359,4357,615,354,185,960,4611
"ANKARA","NALLIHAN",3661,8890,127,2995,3247,171,56,51,10,60,248
"ANKARA","POLATLI",11563,32678,4735,12081,11102,918,155,115,17,157,879
"ANKARA","PURSAKLAR",6774,53917,1559,14426,7729,1507,116,73,0,133,1231
"ANKARA","SİNCAN",42449,167607,12341,54765,34055,4565,398,521,78,674,4349
"ANKARA","ŞEREFLİKOÇHİSAR",3488,9063,1007,2986,2860,217,54,50,9,46,277
"ANKARA","YENİMAHALLE",131397,147343,28961,49092,59713,7376,953,330,202,1551,3968
"ANTALYA","AKSEKİ",9054,27220,8602,3707,2355,485,167,70,3,49,351
"ANTALYA","AKSU",8031,15864,2801,4705,8756,291,91,121,23,108,391
"ANTALYA","ALANYA",41580,85363,14055,25604,36912,1617,653,444,559,442,1842
"ANTALYA","DEMRE",4000,7026,268,1294,3986,477,53,60,15,50,106
"ANTALYA","DÖŞEMEALTI",9386,14808,2530,3901,5930,377,77,66,22,109,389
"ANTALYA","ELMALI",6595,11001,786,2205,5321,382,70,73,9,66,206
"ANTALYA","FİNİKE",8447,11467,1007,3187,5873,298,95,80,11,77,234
"ANTALYA","GAZİPAŞA",11268,11215,758,2950,6053,401,173,93,22,95,222
"ANTALYA","GÜNDOĞMUŞ",1008,2265,64,405,1037,63,47,45,9,8,43
"ANTALYA","İBRADI",724,809,17,94,265,23,5,6,3,6,9
"ANTALYA","KAŞ",11241,13210,1354,2688,7255,363,141,136,39,139,220
"ANTALYA","KEMER",7584,7756,1855,2452,3890,186,50,50,10,49,240
"ANTALYA","KEPEZ",71268,117109,37498,33340,41016,2902,594,758,107,865,3275
"ANTALYA","KONYAALTI",44441,21892,9183,6864,15974,894,290,78,72,477,614
"ANTALYA","KORKUTELİ",7794,16883,709,3222,5664,1217,82,88,16,66,299
"ANTALYA","KUMLUCA",12060,17153,1937,4578,7465,352,89,154,22,105,373
"ANTALYA","MANAVGAT",38370,45141,5799,18470,23488,1042,351,309,69,387,1246
"ANTALYA","MURATPAŞA",126628,83977,25670,22991,48974,2588,840,359,241,1329,2258
"ANTALYA","SERİK",18022,25319,1895,7954,20281,547,221,243,33,195,529
"ARDAHAN","ÇILDIR",1874,2300,203,671,367,45,35,31,0,19,64
"ARDAHAN","DAMAL",2515,315,1020,106,107,17,10,11,0,22,7
"ARDAHAN","GÖLE",1821,6731,4345,531,252,263,36,51,0,15,99
"ARDAHAN","HANAK",2763,1656,698,389,209,42,20,20,0,26,31
"ARDAHAN","MERKEZ",10505,9454,9360,2008,3090,267,129,85,0,87,187
"ARDAHAN","POSOF",904,2701,176,415,210,41,17,10,0,3,73
"ARTVİN","ARDANUÇ",9468,15683,3279,2931,2103,347,115,51,0,96,489
"ARTVİN","ARHAVİ",4114,6481,298,1177,1241,261,35,20,0,46,198
"ARTVİN","BORÇKA",3649,6421,325,2183,1201,236,42,36,0,38,232
"ARTVİN","HOPA",6759,5318,1967,1397,1588,260,68,38,0,45,120
"ARTVİN","KEMALPAŞA",2489,1433,818,384,436,21,13,11,0,10,24
"ARTVİN","MERKEZ",11221,29318,6774,6150,3927,661,246,98,0,107,397
"ARTVİN","MURGUL",1301,1360,90,591,486,37,8,9,0,14,45
"ARTVİN","ŞAVŞAT",5120,4576,509,736,1389,296,95,66,0,46,86
"ARTVİN","YUSUFELİ",2003,8992,105,1683,1203,138,67,50,0,26,180
"AYDIN","BOZDOĞAN",6441,8596,289,1614,4625,231,173,168,0,76,185
"AYDIN","BUHARKENT",2473,3143,361,615,1560,91,42,47,0,36,49
"AYDIN","ÇİNE",12400,13828,738,2205,5235,325,175,171,0,122,219
"AYDIN","DİDİM",23982,11725,9846,3244,6010,256,215,88,0,186,289
"AYDIN","EFELER",59608,55950,18029,15747,29837,1344,481,320,0,643,1435
"AYDIN","GERMENCİK",8527,7501,5347,2784,3490,145,92,66,0,73,223
"AYDIN","İNCİRLİOVA",9403,11065,2197,3094,3785,220,83,49,0,66,247
"AYDIN","KARACASU",4249,4529,117,1047,2007,114,109,89,0,47,92
"AYDIN","KARPUZLU",1886,3778,62,895,982,54,27,42,0,17,75
"AYDIN","KOÇARLI",4910,7540,423,1176,1722,92,38,53,0,32,104
"AYDIN","KÖŞK",2474,9391,1249,2200,2226,142,43,54,0,32,191
"AYDIN","KUŞADASI",36807,15579,7762,4771,9900,320,302,76,0,308,397
"AYDIN","KUYUCAK",6521,7503,216,1076,2807,160,121,73,0,47,124
"AYDIN","NAZİLLİ",29881,33453,7244,8663,17495,956,369,275,0,341,775
"AYDIN","SÖKE",27732,21089,10181,5675,11053,443,268,165,0,205,488
"AYDIN","SULTANHİSAR",4256,4678,1009,1100,2359,75,42,36,0,44,93
"AYDIN","YENİPAZAR",2710,3823,126,582,1543,60,30,26,0,23,61
"BALIKESİR","ALTIEYLÜL",28275,52873,2882,10263,18521,1298,282,152,29,357,1095
"BALIKESİR","AYVALIK",28698,28664,8185,5757,7992,602,256,87,12,227,526
"BALIKESİR","BALYA",3105,4259,389,888,1378,117,90,42,9,23,60
"BALIKESİR","BANDIRMA",38809,35201,7268,7074,17247,1260,261,154,36,440,742
"BALIKESİR","BİGADİÇ",6954,16966,945,2702,4896,529,96,80,11,72,288
"BALIKESİR","BURHANİYE",17278,12828,3328,2586,5421,271,166,57,5,129,258
"BALIKESİR","DURSUNBEY",1710,17757,104,2385,2381,622,97,51,5,29,411
"BALIKESİR","EDREMİT",44019,30807,8549,6295,13948,1046,439,120,21,328,707
"BALIKESİR","ERDEK",12533,8864,1500,1094,2789,252,91,34,5,95,153
"BALIKESİR","GÖMEÇ",4435,2893,821,478,1380,84,28,7,3,30,37
"BALIKESİR","GÖNEN",15257,22609,1112,3507,8722,507,186,142,11,134,380
"BALIKESİR","HAVRAN",3328,10347,123,1358,2657,212,144,58,5,32,137
"BALIKESİR","İVRİNDİ",4484,13572,177,1698,3272,261,137,86,6,44,208
"BALIKESİR","KARESİ",27401,55062,2286,11205,20721,1767,253,162,40,363,1130
"BALIKESİR","KEPSUT",1957,9828,326,1235,2241,420,70,45,4,33,147
"BALIKESİR","MANYAS",4831,4923,199,1340,2151,154,46,46,2,39,121
"BALIKESİR","MARMARA",2636,2562,400,435,726,42,15,14,2,13,68
"BALIKESİR","SAVAŞTEPE",2553,6553,148,928,2193,97,52,34,4,28,107
"BALIKESİR","SINDIRGI",7075,12576,191,1580,3288,406,135,91,8,69,188
"BALIKESİR","SUSURLUK",8512,10671,397,2023,4889,310,67,72,7,104,197
"BARTIN","AMASRA",3597,3393,187,1436,689,156,76,24,0,32,79
"BARTIN","KURUCAŞİLE",1291,1946,38,518,273,99,35,29,0,16,44
"BARTIN","MERKEZ",23632,42564,1185,17168,5508,2100,426,229,0,245,1191
"BARTIN","ULUS",2899,8742,99,1780,735,284,124,64,0,37,186
"BATMAN","BEŞİRİ",253,3804,8753,127,160,466,16,0,532,7,46
"BATMAN","GERCÜŞ",147,3714,4148,237,142,438,22,0,829,11,36
"BATMAN","HASANKEYF",89,1312,1283,44,38,556,10,0,174,6,9
"BATMAN","KOZLUK",434,7964,17763,532,229,748,36,0,981,16,59
"BATMAN","MERKEZ",2559,44569,144041,1549,2348,6365,298,0,13011,170,422
"BATMAN","SASON",435,6490,4293,348,232,362,39,0,471,22,62
"BAYBURT","AYDINTEPE",179,2622,10,1119,324,128,5,10,0,5,60
"BAYBURT","DEMİRÖZÜ",312,3401,33,1167,128,237,6,2,0,6,77
"BAYBURT","MERKEZ",2130,26802,2684,11474,2687,1235,47,72,0,35,591
"BİLECİK","BOZÜYÜK",14820,19569,2118,4375,7153,474,136,197,0,130,391
"BİLECİK","GÖLPAZARI",2144,3245,60,416,689,47,31,30,0,31,56
"BİLECİK","İNHİSAR",533,825,25,109,117,25,6,6,0,6,18
"BİLECİK","MERKEZ",12803,17262,1235,4517,6817,434,120,137,0,139,366
"BİLECİK","OSMANELİ",3586,6748,127,1060,2159,244,29,34,0,44,131
"BİLECİK","PAZARYERİ",1576,3582,184,600,1038,63,23,22,0,23,72
"BİLECİK","SÖĞÜT",2743,5805,282,1180,1534,242,22,24,0,33,101
"BİLECİK","YENİPAZAR",602,1074,9,409,149,10,8,4,0,1,25
"BİNGÖL","ADAKLI",163,2872,1210,220,202,47,17,44,0,10,24
"BİNGÖL","GENÇ",185,11289,2584,1795,1291,160,48,831,0,15,131
"BİNGÖL","KARLIOVA",188,3671,7778,304,196,158,71,1396,0,14,45
"BİNGÖL","KİĞI",374,1089,1025,232,175,24,10,21,0,5,15
"BİNGÖL","MERKEZ",1058,45600,21455,4426,3279,927,144,3176,0,65,457
"BİNGÖL","SOLHAN",135,11869,2491,906,456,188,34,814,0,12,110
"BİNGÖL","YAYLADERE",183,227,682,89,32,6,4,0,0,2,10
"BİNGÖL","YEDİSU",296,479,877,111,50,10,4,14,0,8,9
"BİTLİS","ADİLCEVAZ",2351,13237,8454,3109,882,248,59,91,0,19,279
"BİTLİS","AHLAT",1951,7132,10052,1611,1036,147,27,53,0,22,142
"BİTLİS","GÜROYMAK",262,7889,11326,466,375,340,50,101,0,9,41
"BİTLİS","HİZAN",246,7291,5944,253,179,144,79,40,0,9,52
"BİTLİS","MERKEZ",1063,16355,11342,991,1599,429,68,729,0,33,156
"BİTLİS","MUTKİ",209,10458,2038,304,822,106,40,103,0,15,50
"BİTLİS","TATVAN",789,16938,22047,1057,982,502,242,703,0,30,200
"BOLU","DÖRTDİVAN",198,3336,6,971,228,49,13,13,0,4,62
"BOLU","GEREDE",1004,15152,63,5120,795,397,30,20,0,24,384
"BOLU","GÖYNÜK",1006,7065,39,1327,787,173,46,37,0,9,102
"BOLU","KIBRISCIK",710,1066,23,114,198,33,15,9,0,10,13
"BOLU","MENGEN",2503,5027,71,658,811,127,48,40,0,26,108
"BOLU","MERKEZ",30411,55887,2815,18316,11843,1870,335,178,0,404,1434
"BOLU","MUDURNU",2496,7199,97,1593,1457,134,59,53,0,30,141
"BOLU","SEBEN",699,2028,20,336,512,33,8,18,0,13,43
"BOLU","YENİÇAĞA",500,3394,6,665,211,182,8,6,0,5,66
"BURDUR","AĞLASUN",1922,6825,2492,1279,1042,123,50,25,0,19,111
"BURDUR","ALTINYAYLA",272,2452,18,298,513,30,24,29,0,4,40
"BURDUR","BUCAK",5236,20631,433,6096,8623,558,132,130,0,74,420
"BURDUR","ÇAVDIR",1722,3427,65,1161,1556,95,55,50,0,24,84
"BURDUR","ÇELTİKÇİ",519,1948,11,540,643,38,20,25,0,12,40
"BURDUR","GÖLHİSAR",1919,7292,143,2353,2031,203,62,41,0,33,149
"BURDUR","KARAMANLI",1707,2006,84,477,1126,80,24,17,0,16,44
"BURDUR","KEMER",298,1216,7,317,392,50,14,15,0,3,35
"BURDUR","MERKEZ",16546,23970,1506,6885,15886,1314,214,172,0,211,499
"BURDUR","TEFENNİ",1349,2222,73,1623,1333,76,40,28,0,12,71
"BURDUR","YEŞİLOVA",4240,3762,107,936,1803,126,124,37,0,44,97
"BURSA","BÜYÜKORHAN",786,4370,69,496,731,160,48,30,4,26,63
"BURSA","GEMLİK",20119,27539,4392,8190,8411,1518,230,221,0,260,767
"BURSA","GÜRSU",6257,26331,2702,7989,4271,886,140,306,0,68,790
"BURSA","HARMANCIK",700,2564,45,501,548,121,39,16,0,13,52
"BURSA","İNEGÖL",20771,94075,9026,18975,11305,4516,385,220,0,261,1856
"BURSA","İZNİK",7518,13485,441,2446,5088,640,88,97,0,111,241
"BURSA","KARACABEY",12239,22219,2706,5027,10381,1081,158,129,19,185,492
"BURSA","KELES",1071,5324,50,760,1130,157,62,44,0,12,76
"BURSA","KESTEL",8227,18427,2743,5095,4674,739,66,70,0,86,403
"BURSA","MUDANYA",24594,21051,2550,4897,9589,637,185,78,0,230,463
"BURSA","MUSTAFAKEMALPAŞA",13990,31177,1303,5965,12901,2213,204,189,32,211,594
"BURSA","NİLÜFER",99976,88110,14054,21919,44003,3868,678,275,133,1062,1864
"BURSA","ORHANELİ",1931,7410,74,1377,2268,441,87,62,5,30,120
"BURSA","ORHANGAZİ",13592,22203,1365,5849,7908,1018,180,102,0,164,428
"BURSA","OSMANGAZİ",121971,256909,24267,60559,69928,8387,1138,999,692,1615,5941
"BURSA","YENİŞEHİR",7456,15355,1881,4557,5522,644,102,86,0,88,330
"BURSA","YILDIRIM",68457,199205,33268,46509,40125,5797,782,1502,0,925,4623
"ÇANAKKALE","AYVACIK",8894,9030,988,1517,3339,142,129,56,7,66,137
"ÇANAKKALE","BAYRAMİÇ",8104,7895,297,1022,3592,178,103,83,16,63,108
"ÇANAKKALE","BİGA",16569,30069,1820,4971,8648,531,178,116,22,176,567
"ÇANAKKALE","BOZCAADA",1043,480,227,68,318,13,3,2,1,10,10
"ÇANAKKALE","ÇAN",9165,15052,295,3128,6735,205,84,76,13,86,256
"ÇANAKKALE","ECEABAT",4719,7462,3388,1075,1610,83,48,22,1,33,70
"ÇANAKKALE","EZİNE",7947,8147,531,1307,3622,175,77,60,15,68,117
"ÇANAKKALE","GELİBOLU",12551,8090,867,1671,4313,427,92,54,17,134,159
"ÇANAKKALE","GÖKÇEADA",1359,1523,739,471,851,49,27,8,7,17,52
"ÇANAKKALE","LAPSEKİ",4622,8504,386,1761,3678,125,65,45,4,47,175
"ÇANAKKALE","MERKEZ",45953,29297,6277,6675,22068,697,331,130,154,432,567
"ÇANAKKALE","YENİCE",4707,12741,172,1869,3509,215,110,56,6,60,311
"ÇANKIRI","ATKARACALAR",106,1849,15,308,321,23,3,6,0,4,37
"ÇANKIRI","BAYRAMÖREN",67,1295,3,146,169,17,7,6,0,3,49
"ÇANKIRI","ÇERKEŞ",1142,5336,70,1562,1154,130,38,28,0,20,131
"ÇANKIRI","ELDİVAN",323,2558,10,675,472,59,12,9,0,13,64
"ÇANKIRI","ILGAZ",590,6093,30,1675,1001,152,31,26,0,14,188
"ÇANKIRI","KIZILIRMAK",220,2813,29,1389,359,19,7,12,0,5,92
"ÇANKIRI","KORGUN",74,2099,4,425,255,30,5,3,0,7,44
"ÇANKIRI","KURŞUNLU",512,3583,30,876,508,51,16,20,0,8,97
"ÇANKIRI","MERKEZ",2918,28337,459,12249,8295,562,80,64,0,127,831
"ÇANKIRI","ORTA",157,5172,14,1370,317,106,10,4,0,8,128
"ÇANKIRI","ŞABANÖZÜ",1087,4008,30,1144,674,57,21,12,0,11,92
"ÇANKIRI","YAPRAKLI",81,4162,8,807,331,64,11,13,0,5,86
"ÇORUM","ALACA",3648,11447,713,3499,1788,181,27,44,0,21,332
"ÇORUM","BAYAT",686,7940,55,1123,1063,86,42,43,0,13,108
"ÇORUM","BOĞAZKALE",188,1765,34,453,170,33,8,7,0,7,44
"ÇORUM","DODURGA",966,2212,41,573,590,61,27,8,0,15,41
"ÇORUM","İSKİLİP",1627,13899,113,3455,2016,296,122,70,0,40,374
"ÇORUM","KARGI",1674,7217,55,1223,821,100,74,48,0,17,136
"ÇORUM","LAÇİN",599,1753,60,411,177,41,22,13,0,5,35
"ÇORUM","MECİTÖZÜ",3575,5117,457,1225,574,82,19,12,0,21,149
"ÇORUM","MERKEZ",46531,84170,8749,26402,14927,2246,283,176,0,386,1975
"ÇORUM","OĞUZLAR",794,2381,17,347,292,36,26,19,0,8,33
"ÇORUM","ORTAKÖY",1223,2048,253,749,475,49,10,8,0,11,58
"ÇORUM","OSMANCIK",4329,17340,242,3589,2854,269,87,87,0,53,336
"ÇORUM","SUNGURLU",4358,18024,423,4922,3607,303,79,76,0,60,492
"ÇORUM","UĞURLUDAĞ",435,2821,23,662,245,21,14,11,0,1,44
"DENİZLİ","ACIPAYAM",9389,18752,664,3108,5453,355,159,141,162,101,333
"DENİZLİ","BABADAĞ",1015,2091,27,377,781,51,25,17,0,10,35
"DENİZLİ","BAKLAN",934,1679,28,268,878,22,16,17,7,11,15
"DENİZLİ","BEKİLLİ",2298,1635,66,256,610,31,51,16,6,23,23
"DENİZLİ","BEYAĞAÇ",1100,2081,33,384,791,29,26,22,4,14,45
"DENİZLİ","BOZKURT",2632,3239,102,400,1140,50,26,17,6,23,38
"DENİZLİ","BULDAN",4874,6754,200,1835,4260,114,75,63,6,73,127
"DENİZLİ","ÇAL",4932,4782,206,1100,2551,126,77,43,10,49,98
"DENİZLİ","ÇAMELİ",2001,7939,83,785,1513,89,75,65,26,23,110
"DENİZLİ","ÇARDAK",2098,3152,56,485,1095,62,22,14,3,26,62
"DENİZLİ","ÇİVRİL",12830,15947,573,3019,6504,384,175,120,22,125,329
"DENİZLİ","GÜNEY",2904,2608,63,447,920,46,37,28,6,26,47
"DENİZLİ","HONAZ",5727,7185,884,1723,3542,146,93,70,9,64,140
"DENİZLİ","KALE",2132,6469,126,1705,2185,116,82,78,8,24,124
"DENİZLİ","MERKEZEFENDİ",56087,70518,12077,17757,33058,1782,456,426,107,615,1500
"DENİZLİ","PAMUKKALE",59612,85207,7222,21080,35955,1770,522,386,156,709,1771
"DENİZLİ","SARAYKÖY",7385,6111,1592,1724,3292,106,82,62,4,64,134
"DENİZLİ","SERİNHİSAR",2661,4421,84,1045,1677,73,21,22,7,23,88
"DENİZLİ","TAVAS",7132,14495,308,3071,5061,203,104,114,24,82,281
"DİYARBAKIR","BAĞLAR",3669,34582,134973,1719,3892,2693,170,0,7849,114,406
"DİYARBAKIR","BİSMİL",702,9050,44500,480,620,338,49,0,1802,27,74
"DİYARBAKIR","ÇERMİK",780,10443,7065,464,722,272,80,0,1515,25,104
"DİYARBAKIR","ÇINAR",577,6387,19834,191,387,215,42,0,3459,22,46
"DİYARBAKIR","ÇÜNGÜŞ",640,3071,1584,290,439,141,33,0,192,18,39
"DİYARBAKIR","DİCLE",834,3043,9393,213,3096,975,42,1,342,36,27
"DİYARBAKIR","EĞİL",181,2782,5402,123,852,256,31,0,318,12,31
"DİYARBAKIR","ERGANİ",1634,14335,37897,1231,1803,1191,110,0,3562,57,164
"DİYARBAKIR","HANİ",167,3644,6291,240,311,661,36,0,1732,8,28
"DİYARBAKIR","HAZRO",74,954,5788,291,63,43,11,0,154,4,14
"DİYARBAKIR","KAYAPINAR",3823,35919,120576,1903,5003,4033,147,0,7562,121,387
"DİYARBAKIR","KOCAKÖY",112,1104,6720,91,71,62,3,0,85,3,15
"DİYARBAKIR","KULP",284,5104,10114,217,207,96,32,0,166,18,34
"DİYARBAKIR","LİCE",206,984,11424,284,129,51,14,0,79,7,23
"DİYARBAKIR","SİLVAN",422,4795,32978,313,264,194,36,0,1682,19,48
"DİYARBAKIR","SUR",709,11019,34685,381,1279,816,244,0,3610,32,90
"DİYARBAKIR","YENİŞEHİR",2930,21530,65325,1609,3822,1967,112,0,3645,92,316
"DÜZCE","AKÇAKOCA",5564,12333,646,4412,2234,625,89,30,0,71,362
"DÜZCE","CUMAYERİ",736,5858,157,1699,646,159,12,14,0,29,109
"DÜZCE","ÇİLİMLİ",946,7565,264,2510,803,149,23,12,0,24,214
"DÜZCE","GÖLYAKA",2595,8162,50,2044,739,182,33,23,0,23,221
"DÜZCE","GÜMÜŞOVA",1294,6076,153,1799,888,61,25,25,0,7,136
"DÜZCE","KAYNAŞLI",1408,8362,38,2835,640,139,23,13,0,30,246
"DÜZCE","MERKEZ",21147,77034,2536,28099,9901,2188,355,151,0,303,2066
"DÜZCE","YIĞILCA",795,6780,42,1371,436,90,64,35,0,10,189
"EDİRNE","ENEZ",5189,2047,1143,389,1360,91,48,23,1,36,39
"EDİRNE","HAVSA",6487,3472,381,637,2470,236,56,43,14,64,70
"EDİRNE","İPSALA",8774,7089,345,1019,2868,150,73,84,10,51,109
"EDİRNE","KEŞAN",26067,15832,1419,2803,6824,407,140,97,23,162,265
"EDİRNE","LALAPAŞA",1838,2013,90,303,725,69,25,14,7,17,17
"EDİRNE","MERİÇ",4521,3131,119,349,1368,71,43,45,7,29,54
"EDİRNE","MERKEZ",51896,33834,5980,6944,19638,1505,354,174,124,491,630
"EDİRNE","SÜLOĞLU",1708,1388,62,293,673,62,21,12,4,12,28
"EDİRNE","UZUNKÖPRÜ",20451,10883,679,1666,7663,320,165,130,28,192,170
"ELAZIĞ","AĞIN",1226,3432,295,352,309,79,12,12,0,7,42
"ELAZIĞ","ALACAKAYA",292,2365,478,389,180,60,2,100,0,4,18
"ELAZIĞ","ARICAK",224,5116,1252,345,118,130,15,157,0,6,34
"ELAZIĞ","BASKİL",650,6358,159,854,461,106,10,25,0,14,64
"ELAZIĞ","KARAKOÇAN",712,7109,6600,562,249,569,48,204,0,12,55
"ELAZIĞ","KEBAN",546,2579,192,649,364,51,11,11,0,8,43
"ELAZIĞ","KOVANCILAR",596,13880,2548,1621,404,314,84,963,0,13,146
"ELAZIĞ","MADEN",1039,3470,496,695,605,49,23,75,0,8,81
"ELAZIĞ","MERKEZ",42356,149408,27640,41387,26903,4640,453,2876,0,445,3099
"ELAZIĞ","PALU",236,7341,567,1402,215,248,15,809,0,4,73
"ELAZIĞ","SİVRİCE",583,3316,140,844,247,73,11,15,0,5,40
"ERZİNCAN","ÇAYIRLI",2079,2905,263,667,124,54,1,4,0,11,41
"ERZİNCAN","İLİÇ",1206,3044,82,840,196,74,6,7,0,5,61
"ERZİNCAN","KEMAH",1542,2766,242,447,163,64,7,9,0,9,50
"ERZİNCAN","KEMALİYE",592,2018,57,353,168,51,32,3,0,9,31
"ERZİNCAN","MERKEZ",24376,40267,6456,18157,4631,1189,84,88,0,146,1095
"ERZİNCAN","OTLUKBELİ",206,814,14,526,26,29,0,3,0,2,16
"ERZİNCAN","REFAHİYE",1934,4520,101,862,276,52,11,9,0,10,93
"ERZİNCAN","TERCAN",3206,4249,597,1893,285,48,6,6,0,11,134
"ERZİNCAN","ÜZÜMLÜ",2089,2512,285,3060,202,29,4,11,0,7,133
"ERZURUM","AŞKALE",10487,51500,10215,11086,3624,835,268,93,0,158,1258
"ERZURUM","AZİZİYE",939,20540,630,7811,3092,612,30,33,0,31,510
"ERZURUM","ÇAT",862,5146,1603,1215,336,101,16,21,0,8,99
"ERZURUM","HINIS",918,4163,6678,474,275,137,34,63,0,15,60
"ERZURUM","HORASAN",315,12669,2000,3408,826,184,27,34,0,22,390
"ERZURUM","İSPİR",449,8002,36,1632,731,231,24,31,0,16,143
"ERZURUM","KARAÇOBAN",151,1802,7025,334,105,45,29,31,0,8,37
"ERZURUM","KARAYAZI",149,2765,9734,200,83,59,37,44,0,5,22
"ERZURUM","KÖPRÜKÖY",124,5149,1197,1250,358,58,19,28,0,7,59
"ERZURUM","NARMAN",295,5068,31,1699,756,117,25,16,0,3,159
"ERZURUM","OLTU",855,11824,353,4021,1323,511,47,41,0,19,362
"ERZURUM","OLUR",224,2967,13,742,497,60,15,13,0,9,87
"ERZURUM","PALANDÖKEN",3774,50206,6974,20957,11185,2132,91,203,0,170,1454
"ERZURUM","PASİNLER",438,9246,666,3474,1857,324,26,33,0,23,238
"ERZURUM","PAZARYOLU",62,2382,5,405,140,46,3,2,0,1,41
"ERZURUM","ŞENKAYA",2094,4838,1342,1236,589,118,38,30,0,26,348
"ERZURUM","TEKMAN",277,2699,8199,168,109,101,74,57,0,15,21
"ERZURUM","TORTUM",220,7659,10,1846,619,159,15,16,0,10,135
"ERZURUM","UZUNDERE",145,3869,14,1051,471,120,17,11,0,8,95
"ERZURUM","YAKUTİYE",3819,58419,3138,22699,10119,2179,93,102,0,155,1682
"ESKİŞEHİR","ALPU",1678,3805,83,919,779,49,41,14,2,15,101
"ESKİŞEHİR","BEYLİKOVA",1265,1777,64,420,663,29,21,11,1,16,47
"ESKİŞEHİR","ÇİFTELER",2021,3541,313,2150,1170,94,38,24,2,16,130
"ESKİŞEHİR","GÜNYÜZÜ",639,2699,19,419,410,40,11,15,2,10,43
"ESKİŞEHİR","HAN",540,561,13,139,139,13,8,6,0,2,13
"ESKİŞEHİR","İNÖNÜ",1165,2542,57,505,474,64,8,8,1,17,47
"ESKİŞEHİR","MAHMUDİYE",1382,1857,446,394,649,46,12,15,3,10,38
"ESKİŞEHİR","MİHALGAZİ",405,1373,10,188,267,91,6,6,0,4,27
"ESKİŞEHİR","MİHALIÇÇIK",1365,2424,51,829,823,80,30,29,0,9,82
"ESKİŞEHİR","ODUNPAZARI",91176,92599,10520,24675,34665,2890,583,251,120,1023,2308
"ESKİŞEHİR","SARICAKAYA",577,2126,35,321,348,44,13,10,2,7,27
"ESKİŞEHİR","SEYİTGAZİ",3135,4407,173,788,989,48,31,21,2,16,70
"ESKİŞEHİR","SİVRİHİSAR",2711,6317,425,1585,2140,116,59,45,5,33,158
"ESKİŞEHİR","TEPEBAŞI",75436,88326,9627,22166,32079,2682,556,308,137,973,2095
"GAZİANTEP","ARABAN",1952,8865,2377,2202,881,221,45,113,0,12,149
"GAZİANTEP","İSLAHİYE",5384,19072,4616,3231,3112,417,100,143,0,50,305
"GAZİANTEP","KARKAMIŞ",1228,3104,126,787,1034,75,7,40,0,10,44
"GAZİANTEP","NİZİP",8796,40113,6998,7959,5583,1163,118,975,0,113,690
"GAZİANTEP","NURDAĞI",2335,12009,1133,4638,1163,133,29,40,0,22,278
"GAZİANTEP","OĞUZELİ",3370,8640,1497,4698,1464,199,49,79,0,21,279
"GAZİANTEP","ŞAHİNBEY",71880,228960,50458,62053,30344,4884,943,2620,0,709,5332
"GAZİANTEP","ŞEHİTKAMİL",56129,189506,52563,42252,24362,4883,668,4629,0,593,3768
"GAZİANTEP","YAVUZELİ",1742,6616,900,970,615,298,11,82,0,8,79
"GİRESUN","ALUCRA",1964,28583,1724,4248,982,316,62,21,0,12,455
"GİRESUN","BULANCAK",9272,23263,448,4874,4327,724,95,80,0,96,456
"GİRESUN","ÇAMOLUK",248,3791,8,412,187,115,16,15,0,7,64
"GİRESUN","ÇANAKÇI",436,2238,16,1052,316,37,15,23,0,8,67
"GİRESUN","DERELİ",895,9485,25,1103,1662,80,46,54,0,19,197
"GİRESUN","DOĞANKENT",366,2636,31,502,489,33,16,12,0,10,63
"GİRESUN","ESPİYE",3751,11270,243,2164,2893,235,72,90,0,54,324
"GİRESUN","EYNESİL",2185,4856,181,762,994,145,25,24,0,21,96
"GİRESUN","GÖRELE",4180,9944,203,2041,2841,218,72,63,0,42,230
"GİRESUN","GÜCE",610,3563,27,564,452,48,19,11,0,2,53
"GİRESUN","KEŞAP",2453,7793,116,1177,1984,148,44,57,0,36,138
"GİRESUN","MERKEZ",18110,36382,1391,7978,18224,1073,227,205,0,266,788
"GİRESUN","PİRAZİZ",2259,4776,67,703,1047,129,21,27,0,29,72
"GİRESUN","ŞEBİNKARAHİSAR",1183,8273,76,2154,1239,157,35,24,0,23,242
"GİRESUN","TİREBOLU",3378,10433,186,2720,3328,184,42,66,0,42,285
"GİRESUN","YAĞLIDERE",701,6751,52,1073,1084,116,59,46,0,20,151
"GÜMÜŞHANE","KELKİT",1155,13379,179,3959,1548,380,33,79,0,20,243
"GÜMÜŞHANE","KÖSE",44,2968,3,840,246,60,7,8,0,2,66
"GÜMÜŞHANE","KÜRTÜN",368,4908,31,1427,745,89,45,28,0,13,104
"GÜMÜŞHANE","MERKEZ",2260,13879,327,6305,4465,640,34,49,0,53,394
"GÜMÜŞHANE","ŞİRAN",1150,5520,86,1975,1180,279,26,26,0,24,207
"GÜMÜŞHANE","TORUL",603,3470,28,1693,864,127,33,30,0,14,140
"HAKKARİ","ÇUKURCA",695,1347,4991,878,261,41,19,12,0,8,52
"HAKKARİ","MERKEZ",1493,6267,30363,1512,535,277,78,135,0,17,88
"HAKKARİ","ŞEMDİNLİ",818,11012,13656,1018,335,170,63,272,0,25,156
"HAKKARİ","YÜKSEKOVA",1397,7010,48443,1388,560,224,115,373,0,38,107
"HATAY","ALTINÖZÜ",12958,25731,20294,8451,2537,367,170,99,0,70,544
"HATAY","ANTAKYA",58566,93770,16212,26103,12710,2347,186,217,0,400,1936
"HATAY","ARSUZ",31901,8501,6317,4893,2207,183,72,60,0,140,258
"HATAY","BELEN",3121,8836,401,5044,2580,282,44,26,0,34,251
"HATAY","DEFNE",58481,4877,25540,1645,1803,219,126,98,0,192,105
"HATAY","DÖRTYOL",12779,25173,6861,15744,8629,1030,86,148,0,112,690
"HATAY","ERZİN",5806,7192,3459,4740,2980,240,31,47,0,46,231
"HATAY","HASSA",2578,18187,360,4838,4018,586,80,86,0,46,299
"HATAY","İSKENDERUN",45421,50603,12893,23867,12866,1319,263,472,0,322,1461
"HATAY","KIRIKHAN",6478,36724,1308,13308,4789,530,86,102,0,71,656
"HATAY","KUMLU",1221,3558,35,1600,440,62,6,8,0,5,59
"HATAY","PAYAS",4932,10012,1821,4788,1810,481,42,104,0,45,255
"HATAY","REYHANLI",5932,23487,745,14191,2099,512,65,81,0,56,653
"HATAY","SAMANDAĞ",40176,3428,22453,1531,1448,128,137,63,0,130,110
"HATAY","YAYLADAĞI",2415,9483,308,3150,880,207,29,40,0,30,222
"IĞDIR","ARALIK",4067,17563,7783,3480,1014,965,128,43,0,29,229
"IĞDIR","KARAKOYUNLU",136,1376,2538,2160,333,92,14,25,0,6,51
"IĞDIR","MERKEZ",1428,11619,29321,16194,4072,843,110,116,0,83,445
"IĞDIR","TUZLUCA",360,2620,5198,1849,617,161,28,39,0,17,74
"ISPARTA","AKSU",707,1520,32,214,415,35,49,29,0,7,20
"ISPARTA","ATABEY",586,1977,148,301,1069,55,22,11,0,15,30
"ISPARTA","EĞİRDİR",2956,10503,207,2367,3941,202,73,96,0,52,262
"ISPARTA","GELENDOST",2547,4078,54,1381,1711,158,58,31,0,25,110
"ISPARTA","GÖNEN",1387,2109,127,507,904,57,24,10,0,13,41
"ISPARTA","KEÇİBORLU",1824,4801,60,979,1776,170,31,39,0,25,98
"ISPARTA","MERKEZ",24912,70565,3447,19779,29852,2575,360,252,0,450,1528
"ISPARTA","SENİRKENT",1141,2989,52,1244,1879,51,34,30,0,23,100
"ISPARTA","SÜTÇÜLER",470,5225,33,592,815,83,34,25,0,11,87
"ISPARTA","ŞARKİKARAAĞAÇ",2344,7750,117,2589,3265,285,74,64,0,36,196
"ISPARTA","ULUBORLU",838,1869,72,451,843,44,15,15,0,14,32
"ISPARTA","YALVAÇ",4530,13352,220,4989,4136,400,127,106,0,65,400
"ISPARTA","YENİŞARBADEMLİ",411,659,13,109,262,11,8,3,0,4,9
"İSTANBUL","ADALAR",4234,2412,2437,503,803,71,41,8,13,36,56
"İSTANBUL","ARNAVUTKÖY",15195,77685,22867,16591,8288,2097,222,488,41,193,1678
"İSTANBUL","ATAŞEHİR",90410,99335,30962,19259,21687,3810,626,274,168,890,1960
"İSTANBUL","AVCILAR",86321,90945,33776,19715,21685,2700,476,355,99,784,1888
"İSTANBUL","BAĞCILAR",64098,222074,66243,43754,26145,7010,644,1081,109,785,3988
"İSTANBUL","BAHÇELİEVLER",86612,159864,48976,30319,30022,5650,695,753,123,933,2900
"İSTANBUL","BAKIRKÖY",80116,41930,25545,8320,19790,2107,596,158,71,825,856
"İSTANBUL","BAŞAKŞEHİR",44348,104233,32232,16558,16788,5278,316,613,58,603,1631
"İSTANBUL","BAYRAMPAŞA",43501,82041,8431,15265,18734,2758,363,216,60,552,1474
"İSTANBUL","BEŞİKTAŞ",64701,18892,20132,3906,12065,1000,456,54,109,585,385
"İSTANBUL","BEYKOZ",40879,76529,9783,13999,15004,3201,377,149,60,503,1448
"İSTANBUL","BEYLİKDÜZÜ",64567,69359,19578,13856,20729,2572,440,236,62,676,1185
"İSTANBUL","BEYOĞLU",31491,63455,23837,10729,8849,2455,338,215,67,368,1225
"İSTANBUL","BÜYÜKÇEKMECE",49045,56466,13330,11544,15161,1420,347,158,47,511,1122
"İSTANBUL","ÇATALCA",16685,17817,1838,2924,7293,459,89,71,29,156,320
"İSTANBUL","ÇEKMEKÖY",37788,66222,15648,14503,11738,2329,215,189,70,393,1193
"İSTANBUL","ESENLER",34308,150918,31551,28732,16110,4374,323,722,67,422,2697
"İSTANBUL","ESENYURT",104478,179377,101576,38862,27405,4312,841,1076,109,884,3787
"İSTANBUL","EYÜPSULTAN",68697,106089,27232,20174,19876,4050,427,318,86,688,2052
"İSTANBUL","FATİH",54741,110845,26851,14950,19366,5069,592,443,125,742,2016
"İSTANBUL","GAZİOSMANPAŞA",59652,152308,30251,24512,23816,4870,505,501,105,758,2611
"İSTANBUL","GÜNGÖREN",38859,84937,21109,15514,14672,2989,311,414,40,476,1534
"İSTANBUL","KADIKÖY",172921,55342,43165,9926,31568,2788,1251,175,419,1499,1159
"İSTANBUL","KAĞITHANE",62783,125325,26850,28035,21516,5270,475,480,146,714,2511
"İSTANBUL","KARTAL",97451,114125,33377,23338,26416,4577,654,552,189,908,2177
"İSTANBUL","KÜÇÜKÇEKMECE",129231,176882,62294,40540,45047,5930,848,1032,156,1326,3738
"İSTANBUL","MALTEPE",120378,108787,33077,21904,29569,3917,825,364,197,1149,2200
"İSTANBUL","PENDİK",100420,213684,38046,48039,35296,7892,897,841,133,1119,4457
"İSTANBUL","SANCAKTEPE",55072,101623,45033,20191,11271,2855,263,549,127,419,1811
"İSTANBUL","SARIYER",75672,76992,22304,16323,18490,2839,669,266,125,818,1798
"İSTANBUL","SİLİVRİ",39207,37394,12158,9411,12165,1380,283,142,62,402,852
"İSTANBUL","SULTANBEYLİ",14161,104983,33995,20510,6607,3350,208,458,36,191,2082
"İSTANBUL","SULTANGAZİ",50337,162202,47894,23949,13118,4640,334,1119,63,414,2421
"İSTANBUL","ŞİLE",5753,10441,1481,2362,3027,357,77,47,7,78,207
"İSTANBUL","ŞİŞLİ",71366,42813,31404,8940,13880,1549,493,175,148,689,962
"İSTANBUL","TUZLA",38716,64135,16743,15462,13714,2424,269,217,72,405,1377
"İSTANBUL","ÜMRANİYE",97298,203812,42091,37413,36128,7539,731,631,187,1113,3794
"İSTANBUL","ÜSKÜDAR",102517,145634,30287,24366,34307,7534,970,349,225,1261,2555
"İSTANBUL","ZEYTİNBURNU",32664,70984,24676,14300,14282,2309,247,897,71,437,1393
"İZMİR","ALİAĞA",29987,54118,18453,11750,8916,961,312,182,25,275,924
"İZMİR","BALÇOVA",28138,10402,5935,2223,5850,349,182,38,38,251,242
"İZMİR","BAYINDIR",9464,9994,2327,1749,2983,156,103,69,8,78,155
"İZMİR","BAYRAKLI",78690,61642,26838,13881,21120,1975,516,362,139,748,1556
"İZMİR","BERGAMA",27348,26603,3902,6203,8400,627,229,184,39,230,493
"İZMİR","BEYDAĞ",3783,2696,86,552,1250,86,66,36,4,46,40
"İZMİR","BORNOVA",118512,79427,29607,17851,33223,2251,828,422,233,1097,1945
"İZMİR","BUCA",117300,92264,38867,20243,34867,2707,843,590,180,1091,2242
"İZMİR","ÇEŞME",15478,5987,2938,1616,2953,103,77,17,23,114,169
"İZMİR","ÇİĞLİ",56466,29889,17400,8189,14118,877,330,130,118,462,815
"İZMİR","DİKİLİ",17978,6254,3638,1616,3674,186,167,51,18,119,145
"İZMİR","FOÇA",10079,4709,1895,1738,2407,121,98,28,9,90,111
"İZMİR","GAZİEMİR",40268,28432,10999,7028,12959,909,313,160,57,396,705
"İZMİR","GÜZELBAHÇE",12276,3402,2144,850,2502,110,125,17,22,100,73
"İZMİR","KARABAĞLAR",118288,97822,39645,19492,31375,2947,820,483,201,1031,2458
"İZMİR","KARABURUN",3981,1734,619,376,695,36,36,9,18,16,43
"İZMİR","KARŞIYAKA",143198,36009,25386,8646,27752,1269,1010,187,235,1184,942
"İZMİR","KEMALPAŞA",21744,26701,3470,7443,6770,1098,166,96,26,212,713
"İZMİR","KINIK",7278,6342,1887,993,1976,151,47,47,7,54,110
"İZMİR","KİRAZ",9048,12065,303,2195,3251,286,197,157,11,98,198
"İZMİR","KONAK",106353,60748,33500,9516,22120,1595,899,419,183,844,1355
"İZMİR","MENDERES",24626,19719,4358,3879,6493,491,167,130,56,215,468
"İZMİR","MENEMEN",33973,28252,21428,7784,11345,793,325,239,55,332,721
"İZMİR","NARLIDERE",24882,5618,7734,1140,4087,191,193,39,38,167,133
"İZMİR","ÖDEMİŞ",34223,33654,2335,6061,10522,716,297,196,39,300,587
"İZMİR","SEFERİHİSAR",13394,6483,2907,1827,2698,184,119,26,17,110,181
"İZMİR","SELÇUK",10967,5669,2791,1529,3378,149,76,43,12,79,135
"İZMİR","TİRE",19047,19126,2247,4055,10491,469,201,147,27,191,349
"İZMİR","TORBALI",35234,35755,15321,7404,11893,898,241,274,82,332,786
"İZMİR","URLA",24285,8117,4274,1696,4805,223,213,38,32,181,191
"KAHRAMANMARAŞ","AFŞİN",8905,41819,5351,14677,6424,856,188,137,0,90,1160
"KAHRAMANMARAŞ","ANDIRIN",6008,15055,1451,3605,3181,358,167,101,0,46,244
"KAHRAMANMARAŞ","ÇAĞLAYANCERİT",1830,6844,819,1368,2044,118,66,145,0,17,82
"KAHRAMANMARAŞ","DULKADİROĞLU",7596,85364,3254,18166,8018,1565,214,231,0,121,1354
"KAHRAMANMARAŞ","EKİNÖZÜ",819,3885,615,1029,776,62,20,26,0,8,63
"KAHRAMANMARAŞ","ELBİSTAN",11198,36887,5016,14943,10248,1324,137,132,0,112,1008
"KAHRAMANMARAŞ","GÖKSUN",3078,16384,522,6590,3250,581,110,93,0,40,460
"KAHRAMANMARAŞ","NURHAK",3215,1884,732,795,445,118,31,12,0,16,42
"KAHRAMANMARAŞ","ONİKİŞUBAT",12768,150519,2609,38015,25488,3971,355,722,0,333,2581
"KAHRAMANMARAŞ","PAZARCIK",9604,15230,6468,4494,1897,180,81,95,0,56,362
"KAHRAMANMARAŞ","TÜRKOĞLU",3018,25342,771,5643,3286,1080,88,104,0,28,513
"KARABÜK","EFLANİ",549,3676,31,613,619,89,49,21,0,15,71
"KARABÜK","ESKİPAZAR",873,5383,80,1565,1047,203,50,29,0,15,171
"KARABÜK","MERKEZ",11288,42395,808,11089,9801,1288,215,128,0,175,961
"KARABÜK","OVACIK",329,1668,11,252,288,29,32,17,0,6,21
"KARABÜK","SAFRANBOLU",9050,19916,517,5008,5129,713,116,83,0,128,406
"KARABÜK","YENİCE",2867,6826,84,1901,1693,304,92,48,0,37,138
"KARAMAN","AYRANCI",1208,2677,28,729,682,50,32,15,0,9,54
"KARAMAN","BAŞYAYLA",126,1221,5,630,219,28,17,8,0,2,32
"KARAMAN","ERMENEK",3691,7627,134,2208,3366,192,137,96,0,50,199
"KARAMAN","KAZIMKARABEKİR",311,1655,15,379,252,23,6,4,0,3,38
"KARAMAN","MERKEZ",17482,64428,1406,18035,12166,2087,267,184,0,221,1496
"KARAMAN","SARIVELİLER",1790,2890,83,845,1199,51,62,49,0,15,58
"KARS","AKYAKA",1463,2354,247,589,669,24,16,20,0,10,47
"KARS","ARPAÇAY",3005,10678,2348,1911,1637,188,49,81,0,25,215
"KARS","DİGOR",673,1694,9022,136,213,25,55,30,0,6,22
"KARS","KAĞIZMAN",858,9489,9221,1382,718,113,64,68,0,23,138
"KARS","MERKEZ",11624,17739,16794,4032,6094,391,139,163,0,130,369
"KARS","SARIKAMIŞ",1631,9980,4901,2095,886,206,46,44,0,18,186
"KARS","SELİM",1487,6148,3184,640,433,148,47,44,0,14,91
"KARS","SUSUZ",1112,1709,2072,362,341,25,16,19,0,3,45
"KASTAMONU","ABANA",4253,29777,3196,4360,1330,405,94,108,0,33,352
"KASTAMONU","AĞLI",177,1092,8,452,192,18,7,8,0,4,29
"KASTAMONU","ARAÇ",2279,7472,35,1465,1163,130,67,46,0,27,136
"KASTAMONU","AZDAVAY",1515,2327,98,649,679,52,45,36,0,25,63
"KASTAMONU","BOZKURT",568,4099,26,1072,581,101,39,14,0,10,101
"KASTAMONU","CİDE",2668,8241,131,1485,1201,125,106,73,0,37,180
"KASTAMONU","ÇATALZEYTİN",646,2836,39,507,324,75,27,19,0,15,55
"KASTAMONU","DADAY",1534,2527,65,1136,619,72,33,32,0,17,65
"KASTAMONU","DEVREKANİ",935,4744,31,1635,875,73,49,30,0,15,134
"KASTAMONU","DOĞANYURT",274,2235,27,637,216,36,32,30,0,4,64
"KASTAMONU","HANÖNÜ",665,1354,16,427,233,18,37,16,0,8,33
"KASTAMONU","İHSANGAZİ",288,2181,16,766,282,21,21,15,0,6,61
"KASTAMONU","İNEBOLU",1571,8274,75,1685,1219,138,80,47,0,34,186
"KASTAMONU","KÜRE",516,2039,18,678,326,30,35,10,0,10,67
"KASTAMONU","MERKEZ",16273,38013,778,22142,8985,820,224,153,0,195,1235
"KASTAMONU","PINARBAŞI",633,2166,25,390,365,67,36,23,0,13,33
"KASTAMONU","SEYDİLER",398,1547,11,475,302,21,8,8,0,2,29
"KASTAMONU","ŞENPAZAR",359,1904,29,315,217,17,34,18,0,6,33
"KASTAMONU","TAŞKÖPRÜ",3654,12943,69,5351,2974,156,90,71,0,61,388
"KASTAMONU","TOSYA",1815,16515,104,6966,1905,288,104,76,0,31,575
"KAYSERİ","AKKIŞLA",834,1708,38,626,707,42,35,19,3,13,59
"KAYSERİ","BÜNYAN",1928,7922,416,4926,2189,338,33,34,4,30,312
"KAYSERİ","DEVELİ",3519,21871,304,10486,3642,593,52,75,12,55,765
"KAYSERİ","FELAHİYE",838,1658,62,805,471,67,11,7,3,6,75
"KAYSERİ","HACILAR",504,5620,34,1376,519,96,11,16,3,7,104
"KAYSERİ","İNCESU",1559,8337,659,3207,1607,324,43,51,5,18,220
"KAYSERİ","KOCASİNAN",31037,127489,5530,51608,26298,4090,357,510,300,431,3949
"KAYSERİ","MELİKGAZİ",39504,174859,6128,71521,36926,6300,428,514,303,609,4736
"KAYSERİ","ÖZVATAN",365,1282,14,853,286,36,4,7,1,3,83
"KAYSERİ","PINARBAŞI",1917,4972,335,3012,3506,142,32,41,8,36,203
"KAYSERİ","SARIOĞLAN",1733,4066,210,2120,851,138,21,30,3,9,137
"KAYSERİ","SARIZ",1097,1879,711,1587,901,67,19,14,0,12,106
"KAYSERİ","TALAS",14240,38054,1843,21180,12940,1810,167,86,135,223,1293
"KAYSERİ","TOMARZA",1714,7151,91,3707,1425,217,28,23,5,17,233
"KAYSERİ","YAHYALI",1261,15292,111,4607,1643,418,25,37,4,18,277
"KAYSERİ","YEŞİLHİSAR",2037,5283,91,1856,1236,146,22,27,6,18,164
"KIRIKKALE","BAHŞİLİ",548,2503,36,1000,404,42,9,10,0,10,59
"KIRIKKALE","BALIŞEYH",635,1686,90,929,374,46,9,17,0,13,53
"KIRIKKALE","ÇELEBİ",120,856,17,278,254,21,1,7,0,0,20
"KIRIKKALE","DELİCE",1201,2939,104,961,586,47,16,25,0,8,61
"KIRIKKALE","KARAKEÇİLİ",115,1023,3,689,212,25,2,6,0,1,43
"KIRIKKALE","KESKİN",1113,4614,238,1963,2600,131,25,15,0,25,138
"KIRIKKALE","MERKEZ",18692,52879,1121,31216,17422,1586,224,186,0,304,1776
"KIRIKKALE","SULAKYURT",1335,1390,42,1786,103,18,5,9,0,7,85
"KIRIKKALE","YAHŞİHAN",1993,4721,230,2511,1669,146,9,17,0,28,143
"KIRKLARELİ","BABAESKİ",19493,6834,1052,1503,5251,213,124,53,3,137,121
"KIRKLARELİ","DEMİRKÖY",1901,2269,181,452,778,42,21,11,1,20,50
"KIRKLARELİ","KOFÇAZ",781,629,14,104,301,10,20,9,1,6,8
"KIRKLARELİ","LÜLEBURGAZ",52045,24697,3323,4243,15781,602,239,93,16,357,412
"KIRKLARELİ","MERKEZ",25716,18526,2156,3033,11854,356,168,105,29,235,288
"KIRKLARELİ","PEHLİVANKÖY",1254,737,25,110,599,14,13,4,1,11,10
"KIRKLARELİ","PINARHİSAR",5886,3654,312,733,2052,81,37,34,3,51,63
"KIRKLARELİ","VİZE",9329,5025,242,1226,3552,126,55,50,7,89,80
"KIRŞEHİR","AKÇAKENT",238,1667,13,429,217,31,12,6,2,10,46
"KIRŞEHİR","AKPINAR",1226,2635,34,560,453,34,24,13,2,9,60
"KIRŞEHİR","BOZTEPE",1302,1278,701,329,177,28,3,3,1,12,17
"KIRŞEHİR","ÇİÇEKDAĞI",1025,4767,425,1921,742,127,20,57,3,7,185
"KIRŞEHİR","KAMAN",5822,9321,371,3164,2457,176,66,49,68,51,238
"KIRŞEHİR","MERKEZ",22901,30908,4319,15193,9262,896,136,113,21,202,995
"KIRŞEHİR","MUCUR",3356,5483,166,1977,1030,104,22,13,4,28,128
"KİLİS","ELBEYLİ",786,2270,35,1305,527,42,8,18,0,4,60
"KİLİS","MERKEZ",9226,29637,1238,12950,6631,829,93,138,0,120,716
"KİLİS","MUSABEYLİ",647,4265,59,1361,427,115,17,17,0,3,82
"KİLİS","POLATELİ",253,1698,19,501,290,34,9,5,0,5,27
"KOCAELİ","BAŞİSKELE",8762,33942,1957,6591,6074,1995,75,84,16,140,627
"KOCAELİ","ÇAYIROVA",14685,37734,7221,9500,5248,1699,89,121,29,121,842
"KOCAELİ","DARICA",21606,57063,14129,14129,10064,1963,187,185,76,261,1226
"KOCAELİ","DERİNCE",20421,40555,6031,10452,11094,1808,145,138,35,278,972
"KOCAELİ","DİLOVASI",1560,12058,8381,2401,1433,307,35,145,8,26,250
"KOCAELİ","GEBZE",42369,113018,15659,29079,20595,4676,394,287,153,567,2626
"KOCAELİ","GÖLCÜK",23394,48370,3654,10054,12724,2535,164,115,31,329,1064
"KOCAELİ","İZMİT",58348,97268,9991,22554,29367,5021,438,314,90,749,2120
"KOCAELİ","KANDIRA",5747,16528,1080,4504,3568,644,147,87,13,72,369
"KOCAELİ","KARAMÜRSEL",7999,18182,1008,3261,4477,1222,69,51,12,103,358
"KOCAELİ","KARTEPE",12719,39006,3103,7843,7501,1674,111,120,14,201,774
"KOCAELİ","KÖRFEZ",18551,43784,11111,12194,10726,2458,166,198,23,271,951
"KONYA","AHIRLI",234,1741,9,490,396,59,12,10,2,4,47
"KONYA","AKÖREN",174,2427,8,600,363,41,6,7,0,5,50
"KONYA","AKŞEHİR",9745,29288,885,8533,8537,729,184,119,16,126,744
"KONYA","ALTINEKİN",465,6346,27,1320,515,209,4,13,0,6,67
"KONYA","BEYŞEHİR",8613,52083,3133,11921,8859,1210,167,116,13,102,775
"KONYA","BOZKIR",1466,9258,105,3183,1662,305,44,37,59,23,213
"KONYA","CİHANBEYLİ",2371,12481,8638,3004,1116,309,35,94,15,16,209
"KONYA","ÇELTİK",569,3457,68,686,919,90,20,26,3,3,56
"KONYA","ÇUMRA",2014,24543,246,9563,3976,847,42,61,12,38,587
"KONYA","DERBENT",546,1707,11,356,236,73,12,9,1,2,28
"KONYA","DEREBUCAK",259,2342,12,580,710,42,15,16,1,4,61
"KONYA","DOĞANHİSAR",1709,6133,56,1025,1550,267,60,42,7,45,125
"KONYA","EMİRGAZİ",847,2487,23,677,515,55,14,21,2,3,53
"KONYA","EREĞLİ",19819,33629,3461,16520,11309,1287,182,157,20,185,1144
"KONYA","GÜNEYSINIR",180,4521,6,1040,317,113,2,2,2,3,85
"KONYA","HADİM",646,4573,52,1369,909,172,28,18,3,10,75
"KONYA","HALKAPINAR",317,1669,15,504,295,25,10,7,1,5,34
"KONYA","HÜYÜK",1595,5751,68,1445,1755,186,42,32,2,21,108
"KONYA","ILGIN",4168,17312,248,7429,4714,745,90,77,14,55,435
"KONYA","KADINHANI",1344,12142,76,4113,1235,408,22,24,8,19,208
"KONYA","KARAPINAR",4588,15755,137,5206,2416,622,47,50,7,50,413
"KONYA","KARATAY",7166,128145,5914,26728,8697,4761,141,839,125,158,2015
"KONYA","KULU",1399,14029,5686,2428,914,424,32,56,6,17,240
"KONYA","MERAM",13863,139274,3146,28421,14828,5680,217,234,128,250,2209
"KONYA","SARAYÖNÜ",1015,11717,158,2273,1142,703,17,13,2,16,187
"KONYA","SELÇUKLU",32989,224827,13325,59735,34391,10382,452,576,122,579,4020
"KONYA","SEYDİŞEHİR",8046,20416,452,5498,5992,1300,123,91,17,116,522
"KONYA","TAŞKENT",270,2511,16,502,475,144,11,9,2,4,38
"KONYA","TUZLUKÇU",1037,2139,30,461,576,50,13,7,1,10,39
"KONYA","YALIHÜYÜK",51,745,1,153,155,12,2,1,0,5,17
"KONYA","YUNAK",963,8114,571,1718,1035,164,21,41,5,10,177
"KÜTAHYA","ALTINTAŞ",3370,6424,1043,2017,1437,176,41,24,0,48,139
"KÜTAHYA","ASLANAPA",287,4297,10,1576,500,67,16,11,0,4,147
"KÜTAHYA","ÇAVDARHİSAR",582,2730,32,653,470,91,20,26,0,5,55
"KÜTAHYA","DOMANİÇ",1425,6102,105,1309,1463,249,54,37,0,13,117
"KÜTAHYA","DUMLUPINAR",397,1013,7,365,203,35,9,7,0,4,32
"KÜTAHYA","EMET",1344,8363,49,2383,1311,424,29,24,0,27,179
"KÜTAHYA","GEDİZ",5878,20098,973,5050,5381,387,125,83,0,67,409
"KÜTAHYA","HİSARCIK",841,4866,28,1389,1175,112,18,27,0,8,116
"KÜTAHYA","MERKEZ",23636,79048,1484,37574,14748,3032,253,252,0,344,2017
"KÜTAHYA","PAZARLAR",338,2268,22,431,441,60,16,14,0,2,29
"KÜTAHYA","SİMAV",5252,26609,200,5067,5911,584,207,160,0,80,468
"KÜTAHYA","ŞAPHANE",642,2630,20,483,493,60,25,14,0,5,42
"KÜTAHYA","TAVŞANLI",7104,40426,571,11586,7889,1656,128,133,0,169,805
"MALATYA","AKÇADAĞ",10625,55837,10793,9670,2478,547,116,105,0,103,1173
"MALATYA","ARAPGİR",2141,2976,451,923,390,84,21,17,0,21,53
"MALATYA","ARGUVAN",8781,32319,6811,5456,1637,545,108,145,0,35,287
"MALATYA","BATTALGAZİ",21605,108357,9414,28150,6341,2918,197,644,0,190,1616
"MALATYA","DARENDE",3090,14316,5204,3329,1007,317,75,49,0,20,221
"MALATYA","DOĞANŞEHİR",5623,9551,3105,4075,1632,334,70,73,0,24,262
"MALATYA","DOĞANYOL",238,1467,40,362,102,42,10,6,0,1,22
"MALATYA","HEKİMHAN",5507,4012,783,1376,752,254,42,45,0,24,57
"MALATYA","KALE",263,3207,50,516,74,40,2,18,0,1,15
"MALATYA","KULUNCAK",1194,2425,219,910,280,39,15,9,0,4,41
"MALATYA","PÜTÜRGE",746,6735,207,820,190,123,32,20,0,6,84
"MALATYA","YAZIHAN",1547,3809,1008,1185,185,84,15,30,0,3,54
"MALATYA","YEŞİLYURT",32781,93518,11933,32751,9104,2934,210,670,0,257,1683
"MANİSA","AHMETLİ",2633,4962,632,1128,1679,95,32,47,0,22,78
"MANİSA","AKHİSAR",41423,43746,4383,10800,12978,1214,364,294,0,314,906
"MANİSA","ALAŞEHİR",19403,23521,3608,7772,10307,723,265,254,0,193,499
"MANİSA","DEMİRCİ",3494,15457,175,3153,3414,473,105,88,0,51,279
"MANİSA","GÖLMARMARA",3113,3117,2009,1017,780,47,18,24,0,26,78
"MANİSA","GÖRDES",3400,10396,154,2695,2784,210,109,104,0,57,259
"MANİSA","KIRKAĞAÇ",4314,15063,309,2309,3155,340,71,65,0,51,219
"MANİSA","KÖPRÜBAŞI",2068,4396,102,978,1664,77,40,44,0,19,81
"MANİSA","KULA",6209,14057,363,4414,4613,268,150,123,0,68,297
"MANİSA","SALİHLİ",37134,33073,8206,13209,15575,708,333,298,0,278,890
"MANİSA","SARIGÖL",9242,6894,848,2450,4889,162,133,140,0,82,145
"MANİSA","SARUHANLI",12208,13434,2855,3300,5472,277,88,107,0,93,248
"MANİSA","SELENDİ",2279,5304,125,4494,1223,120,82,68,0,17,234
"MANİSA","SOMA",16862,34202,1999,7931,8620,906,232,128,0,195,662
"MANİSA","ŞEHZADELER",25877,41653,9725,11947,16376,849,191,227,0,331,976
"MANİSA","TURGUTLU",22497,39873,12237,11191,14501,960,223,300,0,269,905
"MANİSA","YUNUSEMRE",33828,54912,14509,16891,20015,1240,306,234,0,406,1370
"MARDİN","ARTUKLU",3556,39851,32220,3767,1376,902,353,1661,81,70,408
"MARDİN","DARGEÇİT",207,2577,8615,177,111,70,22,662,6,9,23
"MARDİN","DERİK",1223,4612,23214,503,385,144,35,475,10,15,47
"MARDİN","KIZILTEPE",3426,21300,90355,861,624,908,66,2311,187,46,185
"MARDİN","MAZIDAĞI",661,2818,11854,167,113,83,26,732,11,2,14
"MARDİN","MİDYAT",970,24304,18217,2032,848,742,70,1125,21,42,243
"MARDİN","NUSAYBİN",734,6219,39426,424,290,154,53,866,21,9,82
"MARDİN","ÖMERLİ",231,3264,2607,564,95,53,9,51,2,7,41
"MARDİN","SAVUR",306,4746,6044,422,176,43,11,199,1,9,54
"MARDİN","YEŞİLLİ",146,4556,1600,565,65,67,3,172,10,1,46
"MERSİN","AKDENİZ",36932,38747,53636,11230,9544,759,269,1007,39,268,876
"MERSİN","ANAMUR",13503,18144,6333,6623,9559,410,146,135,12,125,346
"MERSİN","AYDINCIK",1863,2553,78,1141,1457,50,25,33,0,22,83
"MERSİN","BOZYAZI",3074,6913,251,2470,4668,128,34,75,5,34,154
"MERSİN","ÇAMLIYAYLA",847,1946,33,1650,1210,32,20,45,6,12,67
"MERSİN","ERDEMLİ",15048,36471,3718,15666,16417,995,176,170,24,182,868
"MERSİN","GÜLNAR",3986,5737,92,3735,3249,113,69,71,8,35,182
"MERSİN","MEZİTLİ",43393,26029,18308,11202,15131,615,277,180,61,324,712
"MERSİN","MUT",12394,15979,467,4797,5927,458,97,110,15,82,281
"MERSİN","SİLİFKE",22972,22975,2176,10358,19759,397,256,211,24,252,605
"MERSİN","TARSUS",51586,47207,33450,38538,27326,1207,384,1291,64,397,1990
"MERSİN","TOROSLAR",33444,53918,40316,21480,20336,1427,273,778,43,335,1493
"MERSİN","YENİŞEHİR",59043,30551,33787,11461,17589,958,383,397,73,480,773
"MUĞLA","BODRUM",57532,18292,13828,5651,15722,452,406,153,0,540,497
"MUĞLA","DALAMAN",8895,8666,1176,2190,4714,158,101,74,0,74,176
"MUĞLA","DATÇA",8350,3822,2119,1040,2137,55,114,23,0,32,67
"MUĞLA","FETHİYE",33747,31737,4098,6987,19908,783,312,186,0,353,618
"MUĞLA","KAVAKLIDERE",1804,3457,36,630,1234,56,26,29,0,25,58
"MUĞLA","KÖYCEĞİZ",9175,8408,760,1414,3114,131,124,65,0,64,159
"MUĞLA","MARMARİS",27557,12453,4733,3504,8106,257,216,68,0,219,365
"MUĞLA","MENTEŞE",31014,18385,3963,4601,12727,502,247,136,0,314,395
"MUĞLA","MİLAS",42111,24850,6579,5475,16697,521,514,278,0,403,469
"MUĞLA","ORTACA",13399,8570,1532,2522,5361,214,153,66,0,95,176
"MUĞLA","SEYDİKEMER",8492,18619,515,3271,6944,330,190,187,0,96,314
"MUĞLA","ULA",7633,5398,919,850,2553,94,104,58,0,59,93
"MUĞLA","YATAĞAN",11994,9376,760,1855,6538,260,151,113,0,110,143
"MUŞ","BULANIK",435,4922,27068,680,1153,210,96,139,0,23,65
"MUŞ","HASKÖY",190,8388,1807,207,2177,102,10,56,0,8,12
"MUŞ","KORKUT",135,2980,7519,106,322,94,34,293,0,4,10
"MUŞ","MALAZGİRT",285,3683,17413,499,268,107,67,71,0,8,44
"MUŞ","MERKEZ",1446,36639,34293,4875,3748,1101,126,2173,0,43,426
"MUŞ","VARTO",1137,1101,13731,167,187,40,52,57,0,7,16
"NEVŞEHİR","ACIGÖL",506,9083,17,1753,471,161,24,21,0,5,121
"NEVŞEHİR","AVANOS",7011,9602,1127,3469,2305,245,67,43,0,50,274
"NEVŞEHİR","DERİNKUYU",2647,6558,56,2280,733,197,23,15,0,15,149
"NEVŞEHİR","GÜLŞEHİR",1702,7237,52,2823,1720,84,54,38,0,31,246
"NEVŞEHİR","HACIBEKTAŞ",4053,2144,502,558,612,42,35,28,0,17,77
"NEVŞEHİR","KOZAKLI",2702,4243,70,976,920,61,27,20,0,24,101
"NEVŞEHİR","MERKEZ",8574,46512,925,17637,7818,1167,129,335,0,144,937
"NEVŞEHİR","ÜRGÜP",4677,11854,269,3651,2578,252,66,51,0,46,249
"NİĞDE","ALTUNHİSAR",986,3972,30,1561,397,47,38,22,0,7,106
"NİĞDE","BOR",7389,17218,406,7570,4699,358,111,80,0,72,539
"NİĞDE","ÇAMARDI",891,4088,44,1372,963,72,43,31,0,22,133
"NİĞDE","ÇİFTLİK",3153,5211,70,3677,1251,99,74,51,0,44,258
"NİĞDE","MERKEZ",25393,53229,1638,25289,15849,1817,259,205,0,215,1450
"NİĞDE","ULUKIŞLA",3785,4385,236,3250,1629,94,88,54,0,40,230
"ORDU","AKKUŞ",1782,7694,100,2580,811,127,135,86,0,23,340
"ORDU","ALTINORDU",43243,51996,1477,20411,13501,1421,307,183,0,375,1643
"ORDU","AYBASTI",7539,16240,12896,3755,1921,415,168,97,0,49,341
"ORDU","ÇAMAŞ",1073,2667,27,1296,488,99,18,20,0,8,114
"ORDU","ÇATALPINAR",612,4924,20,2417,226,69,30,17,0,5,178
"ORDU","ÇAYBAŞI",576,4773,22,1863,549,62,33,34,0,9,158
"ORDU","FATSA",17271,34113,927,11273,6640,812,211,151,0,133,926
"ORDU","GÖLKÖY",4414,6992,99,3506,1577,156,109,81,0,49,371
"ORDU","GÜLYALI",1883,2491,42,658,630,66,18,16,0,14,82
"ORDU","GÜRGENTEPE",3850,3001,105,1600,353,67,34,29,0,33,188
"ORDU","İKİZCE",1349,4773,38,1580,954,99,48,58,0,10,113
"ORDU","KABADÜZ",910,2759,24,855,503,37,20,18,0,10,109
"ORDU","KABATAŞ",716,3626,50,1475,656,71,49,33,0,8,169
"ORDU","KORGAN",1727,11101,60,3906,843,237,91,55,0,25,331
"ORDU","KUMRU",1459,11848,102,4222,821,168,75,46,0,21,390
"ORDU","MESUDİYE",1940,5521,51,1329,1116,75,44,30,0,28,197
"ORDU","PERŞEMBE",6918,8358,309,2492,2753,141,124,99,0,78,245
"ORDU","ULUBEY",3327,5695,57,2023,740,91,56,35,0,18,194
"ORDU","ÜNYE",11970,43785,687,13028,6129,1420,256,193,0,175,1337
"OSMANİYE","BAHÇE",1453,6009,437,4620,1282,133,25,86,0,23,314
"OSMANİYE","DÜZİÇİ",9051,15427,586,14538,5825,312,103,122,0,78,747
"OSMANİYE","HASANBEYLİ",411,1146,17,821,364,41,3,8,0,5,51
"OSMANİYE","KADİRLİ",10855,28142,736,19441,14441,498,219,253,0,122,1019
"OSMANİYE","MERKEZ",16458,49974,7328,49962,15906,1870,237,626,0,222,2699
"OSMANİYE","SUMBAS",1253,2902,41,2405,1864,44,53,42,0,19,123
"OSMANİYE","TOPRAKKALE",1361,2403,800,4044,1479,90,13,20,0,13,167
"RİZE","ARDEŞEN",10993,41793,21312,7129,3421,818,157,106,8,78,604
"RİZE","ÇAMLIHEMŞİN",773,2830,55,503,167,43,11,6,1,6,63
"RİZE","ÇAYELİ",1969,19322,115,4551,1665,387,36,42,11,47,384
"RİZE","DEREPAZARI",407,3567,24,715,161,102,6,3,8,8,60
"RİZE","FINDIKLI",3873,5078,1125,858,1183,93,28,14,5,31,116
"RİZE","GÜNEYSU",391,7814,13,928,329,109,11,9,4,14,98
"RİZE","HEMŞİN",413,1050,29,149,117,19,12,6,4,4,19
"RİZE","İKİZDERE",272,3238,10,438,137,48,17,6,1,3,44
"RİZE","İYİDERE",380,4404,7,654,213,104,11,5,13,11,70
"RİZE","KALKANDERE",644,5772,147,858,575,122,7,6,26,4,60
"RİZE","MERKEZ",9587,60820,665,11887,5139,2253,134,75,183,174,934
"RİZE","PAZAR",4615,11381,323,2534,1242,228,58,29,12,41,258
"SAKARYA","ADAPAZARI",27627,90377,4904,22897,17536,3644,297,209,0,438,2046
"SAKARYA","AKYAZI",6106,39558,872,7692,3526,1274,100,79,0,77,801
"SAKARYA","ARİFİYE",2660,15906,1354,3681,1956,531,42,29,0,48,358
"SAKARYA","ERENLER",5538,33981,1310,7190,4164,1071,79,60,0,94,653
"SAKARYA","FERİZLİ",1982,9803,150,2590,1555,257,35,30,0,38,241
"SAKARYA","GEYVE",3393,18680,438,3688,4155,644,107,89,0,56,378
"SAKARYA","HENDEK",5410,29932,770,8510,5296,580,94,76,0,109,797
"SAKARYA","KARAPÜRÇEK",775,5277,99,1106,350,287,14,15,0,20,107
"SAKARYA","KARASU",5928,22610,853,5602,3379,708,109,60,0,76,561
"SAKARYA","KAYNARCA",1372,10702,73,2272,990,263,24,22,0,15,229
"SAKARYA","KOCAALİ",1689,8638,150,2004,1385,490,44,32,0,23,175
"SAKARYA","PAMUKOVA",2427,11252,158,2303,2006,378,41,32,0,32,252
"SAKARYA","SAPANCA",4911,14063,897,3409,2264,745,42,20,0,76,324
"SAKARYA","SERDİVAN",13566,39760,2527,10422,9628,1922,120,73,0,245,843
"SAKARYA","SÖĞÜTLÜ",1702,5678,57,989,1019,120,21,19,0,16,92
"SAKARYA","TARAKLI",391,3008,13,647,417,119,17,12,0,4,48
"SAMSUN","19-May",1705,10544,101,2222,1479,227,34,33,6,25,183
"SAMSUN","ALAÇAM",3433,7948,249,2439,2368,158,83,64,9,45,228
"SAMSUN","ASARCIK",503,6081,18,2963,557,96,17,34,3,7,196
"SAMSUN","ATAKUM",32740,41973,3488,15991,17300,1836,201,77,52,409,1093
"SAMSUN","AYVACIK",667,8122,17,2769,703,73,27,26,10,9,221
"SAMSUN","BAFRA",12902,47315,938,16447,13123,1119,220,199,14,193,1213
"SAMSUN","CANİK",7083,35070,387,10771,5208,853,96,73,12,129,993
"SAMSUN","ÇARŞAMBA",10323,54561,567,13322,7303,1190,194,152,441,131,1315
"SAMSUN","HAVZA",4633,12463,365,6279,1605,337,66,50,7,38,404
"SAMSUN","İLKADIM",44999,91653,3688,35360,25101,3328,340,203,96,621,2661
"SAMSUN","KAVAK",1581,7491,68,2827,1508,164,64,58,5,32,250
"SAMSUN","LADİK",1865,6010,83,2253,1110,169,30,32,5,24,162
"SAMSUN","SALIPAZARI",1495,7887,38,1732,887,127,22,25,6,19,215
"SAMSUN","TEKKEKÖY",6490,18042,155,4496,3357,465,65,46,14,62,341
"SAMSUN","TERME",5975,29448,259,6140,3981,992,103,79,14,64,674
"SAMSUN","VEZİRKÖPRÜ",5284,37092,322,7674,4927,680,172,115,15,80,806
"SAMSUN","YAKAKENT",1120,2996,115,455,805,89,23,19,4,10,63
"SİİRT","BAYKAN",1464,4541,5856,546,393,139,43,59,0,19,47
"SİİRT","ERUH",1458,2736,5630,422,157,47,24,209,0,10,31
"SİİRT","KURTALAN",369,6758,18523,508,172,191,33,231,0,7,63
"SİİRT","MERKEZ",1752,27718,40654,2684,1151,864,110,1022,0,65,340
"SİİRT","PERVARİ",209,6785,4173,315,471,63,48,171,0,9,56
"SİİRT","ŞİRVAN",129,6408,1728,476,137,72,21,71,0,7,39
"SİİRT","TİLLO",26,1796,310,62,21,13,0,14,0,1,12
"SİNOP","AYANCIK",4223,8880,165,891,958,155,67,46,0,47,155
"SİNOP","BOYABAT",3784,17503,302,2666,2565,350,143,79,0,67,357
"SİNOP","DİKMEN",424,2285,44,198,188,34,65,28,0,7,51
"SİNOP","DURAĞAN",873,8093,167,1263,798,123,76,42,0,28,145
"SİNOP","ERFELEK",2565,4385,277,322,801,93,64,46,0,25,70
"SİNOP","GERZE",4307,8851,435,989,1776,202,120,66,0,45,210
"SİNOP","MERKEZ",15832,14365,948,2268,5027,398,183,88,0,149,263
"SİNOP","SARAYDÜZÜ",378,2782,19,338,276,72,31,22,0,8,61
"SİNOP","TÜRKELİ",1063,6842,53,722,507,97,34,29,0,10,143
"SİVAS","AKINCILAR",550,2492,30,304,207,42,10,9,1,3,42
"SİVAS","ALTINYAYLA",417,3984,12,931,171,109,2,4,1,7,69
"SİVAS","DİVRİĞİ",7465,2551,1173,684,394,77,22,12,2,28,40
"SİVAS","DOĞANŞAR",59,1689,0,308,83,39,2,3,0,0,17
"SİVAS","GEMEREK",3616,5956,144,2843,1542,202,47,29,5,33,207
"SİVAS","GÖLOVA",216,1679,20,202,112,36,4,3,0,6,21
"SİVAS","GÜRÜN",1988,5806,247,2201,1221,292,28,10,6,25,169
"SİVAS","HAFİK",3072,3344,247,852,297,149,18,15,1,10,87
"SİVAS","İMRANLI",3152,1407,713,584,168,30,10,7,5,13,48
"SİVAS","KANGAL",3678,5136,488,3346,1128,146,25,66,0,23,260
"SİVAS","KOYULHİSAR",1275,5532,79,1097,621,131,45,32,7,13,131
"SİVAS","MERKEZ",20869,125459,2421,49077,16833,4699,267,227,198,342,3030
"SİVAS","SUŞEHRİ",1059,12239,67,1790,1198,241,47,31,3,20,157
"SİVAS","ŞARKIŞLA",3925,13775,293,3735,1580,492,43,28,22,26,291
"SİVAS","ULAŞ",1053,2727,93,1514,327,41,6,11,6,4,103
"SİVAS","YILDIZELİ",3137,12245,194,3784,690,207,20,25,3,15,268
"SİVAS","ZARA",4556,7467,723,2160,758,121,21,20,6,31,213
"ŞANLIURFA","AKÇAKALE",424,29246,1090,11202,411,128,10,696,139,24,536
"ŞANLIURFA","BİRECİK",2559,19236,13927,2507,1140,398,55,1159,7,28,194
"ŞANLIURFA","BOZOVA",518,12423,9455,1152,419,218,36,492,10,12,122
"ŞANLIURFA","CEYLANPINAR",1963,14536,14642,2682,393,759,28,1022,119,27,196
"ŞANLIURFA","EYYÜBİYE",2407,90941,27482,12419,1896,1672,180,1712,1215,75,1087
"ŞANLIURFA","HALFETİ",1039,6025,9104,405,323,106,38,88,3,14,51
"ŞANLIURFA","HALİLİYE",7275,101119,36311,16036,3289,3094,166,2023,1448,121,1174
"ŞANLIURFA","HARRAN",218,16485,122,16494,257,82,21,49,34,10,1222
"ŞANLIURFA","HİLVAN",2200,8612,7185,611,457,376,48,1178,9,14,53
"ŞANLIURFA","KARAKÖPRÜ",4674,48726,21480,6613,3197,2423,165,1029,190,97,496
"ŞANLIURFA","SİVEREK",3598,47057,38428,4120,2125,934,156,2463,43,72,452
"ŞANLIURFA","SURUÇ",786,13634,28742,394,320,261,43,590,10,14,50
"ŞANLIURFA","VİRANŞEHİR",1275,32232,39216,2899,763,462,64,994,221,23,250
"ŞIRNAK","BEYTÜŞŞEBAP",348,1988,4931,649,245,33,27,31,2,5,31
"ŞIRNAK","CİZRE",947,6303,52588,1150,719,344,80,1763,12,35,89
"ŞIRNAK","GÜÇLÜKONAK",107,1185,3699,220,79,10,6,15,1,3,11
"ŞIRNAK","İDİL",497,5330,22001,638,416,89,36,947,3,14,43
"ŞIRNAK","MERKEZ",1198,10792,22117,3309,1414,293,74,1348,7,40,159
"ŞIRNAK","SİLOPİ",1194,9446,44737,1937,1114,170,85,698,382,40,80
"ŞIRNAK","ULUDERE",757,3479,12896,818,297,62,36,45,1,8,35
"TEKİRDAĞ","ÇERKEZKÖY",24916,36159,11060,11208,7485,851,152,153,29,194,802
"TEKİRDAĞ","ÇORLU",69919,49387,11035,10648,20168,1206,382,163,77,604,987
"TEKİRDAĞ","ERGENE",15841,13216,3064,2709,4790,255,95,52,17,130,244
"TEKİRDAĞ","HAYRABOLU",9570,6961,212,932,3717,132,82,64,8,101,114
"TEKİRDAĞ","KAPAKLI",18980,28751,4404,7520,5901,532,103,81,15,168,646
"TEKİRDAĞ","MALKARA",14660,12849,466,2177,5387,293,154,88,8,113,223
"TEKİRDAĞ","MARMARAEREĞLİSİ",6266,4708,2111,1084,1665,107,54,16,5,57,85
"TEKİRDAĞ","MURATLI",9694,5161,595,1125,2418,125,55,32,6,82,108
"TEKİRDAĞ","SARAY",16598,9122,922,1878,4359,325,107,49,13,103,184
"TEKİRDAĞ","SÜLEYMANPAŞA",51069,43636,5473,7453,18405,1073,314,167,47,532,856
"TEKİRDAĞ","ŞARKÖY",11026,6861,932,1126,2412,119,91,39,4,84,145
"TOKAT","ALMUS",5209,5592,769,1659,688,129,26,24,0,20,130
"TOKAT","ARTOVA",3430,5453,1174,967,782,87,53,11,0,46,86
"TOKAT","BAŞÇİFTLİK",502,1820,5,456,178,35,8,15,0,3,37
"TOKAT","ERBAA",9453,30799,312,10972,6164,913,166,153,0,91,960
"TOKAT","MERKEZ",19627,63547,1752,20290,13094,1659,159,156,0,191,1365
"TOKAT","NİKSAR",9698,18364,729,6336,3595,415,104,63,0,65,605
"TOKAT","PAZAR",799,5812,22,1324,1001,81,25,17,0,7,84
"TOKAT","REŞADİYE",3709,10201,170,3562,1244,218,49,39,0,33,343
"TOKAT","SULUSARAY",386,2817,16,1015,260,54,6,5,0,1,62
"TOKAT","TURHAL",12917,24023,1119,8033,5546,884,63,74,0,101,614
"TOKAT","YEŞİLYURT",611,3005,46,1180,417,73,7,18,0,3,68
"TOKAT","ZİLE",13687,14401,1047,5700,2936,327,44,41,0,79,419
"TRABZON","AKÇAABAT",18589,83783,8231,16950,11133,2052,295,172,36,277,2053
"TRABZON","ARAKLI",11763,48092,4499,8505,3667,1433,140,41,5,119,915
"TRABZON","ARSİN",1290,12004,95,2695,1333,516,32,15,5,23,208
"TRABZON","BEŞİKDÜZÜ",4318,5236,160,1401,2852,195,52,35,8,56,147
"TRABZON","ÇARŞIBAŞI",1194,5761,46,1533,1333,116,29,34,2,16,140
"TRABZON","ÇAYKARA",973,6127,58,968,587,263,34,19,7,21,103
"TRABZON","DERNEKPAZARI",170,2086,3,220,167,139,8,2,1,3,33
"TRABZON","DÜZKÖY",1918,4823,85,1160,620,138,16,15,3,18,119
"TRABZON","HAYRAT",265,4172,9,766,169,112,4,11,52,5,78
"TRABZON","KÖPRÜBAŞI",150,2229,7,368,185,102,2,11,0,1,44
"TRABZON","MAÇKA",2996,9571,75,1873,1091,387,33,18,6,22,199
"TRABZON","OF",1957,19253,182,4394,1214,1152,54,23,19,34,405
"TRABZON","ORTAHİSAR",37458,98770,2488,27918,28799,4879,288,165,122,556,2392
"TRABZON","SÜRMENE",1781,10363,95,2054,1140,611,32,21,5,28,194
"TRABZON","ŞALPAZARI",1003,5051,24,732,865,169,19,27,5,16,75
"TRABZON","TONYA",2421,5396,204,730,755,270,31,29,5,34,94
"TRABZON","VAKFIKEBİR",2576,9820,83,2621,1976,401,44,37,4,40,235
"TRABZON","YOMRA",2659,12595,150,3392,2835,432,45,30,2,42,282
"TUNCELİ","ÇEMİŞGEZEK",1061,2324,729,562,161,30,4,4,0,7,54
"TUNCELİ","HOZAT",1447,409,1601,181,55,8,6,1,0,5,12
"TUNCELİ","MAZGİRT",1094,459,3895,189,47,6,2,7,4,2,16
"TUNCELİ","MERKEZ",5186,2245,13790,981,371,58,24,16,7,23,37
"TUNCELİ","NAZIMİYE",872,206,1165,170,40,9,1,7,0,1,11
"TUNCELİ","OVACIK",1573,260,2482,221,25,12,4,3,1,5,5
"TUNCELİ","PERTEK",1944,1109,3469,620,110,29,19,15,3,5,34
"TUNCELİ","PÜLÜMÜR",1181,216,1088,95,40,13,3,4,0,3,1
"UŞAK","BANAZ",7243,10006,217,2850,3450,182,120,81,0,57,244
"UŞAK","EŞME",8715,9519,694,1533,3616,194,119,138,0,71,149
"UŞAK","KARAHALLI",2139,3417,99,436,942,101,26,19,0,20,49
"UŞAK","MERKEZ",40720,68431,5051,17824,19776,2717,382,288,0,383,1450
"UŞAK","SİVASLI",4714,5753,201,1238,1447,81,47,44,0,43,85
"UŞAK","ULUBEY",3559,3362,154,793,1242,70,45,34,0,25,72
"VAN","BAHÇESARAY",95,2856,2333,164,100,117,25,38,46,7,29
"VAN","BAŞKALE",1105,6112,21549,1018,284,87,47,80,4,9,77
"VAN","ÇALDIRAN",468,5048,18747,383,260,184,67,79,4,12,48
"VAN","ÇATAK",225,2814,5847,211,118,123,32,44,4,12,20
"VAN","EDREMİT",1397,21023,35457,1833,921,536,60,486,32,38,250
"VAN","ERCİŞ",1378,25720,42265,3070,1166,472,108,489,17,44,364
"VAN","GEVAŞ",241,6209,6449,573,168,299,29,102,7,9,71
"VAN","GÜRPINAR",242,5551,8954,298,175,181,36,335,2,7,37
"VAN","İPEKYOLU",3970,52834,85171,4080,1633,1233,184,1698,151,87,647
"VAN","MURADİYE",463,5303,14320,317,228,172,52,382,4,18,48
"VAN","ÖZALP",391,3045,23974,339,181,76,57,84,5,18,41
"VAN","SARAY",132,1468,7188,262,88,42,25,25,3,12,20
"VAN","TUŞBA",1520,23326,40281,2952,788,523,92,918,35,28,402
"YALOVA","ALTINOVA",4464,7938,1080,1247,1272,211,33,54,0,39,137
"YALOVA","ARMUTLU",1257,2581,361,864,591,113,11,15,0,22,67
"YALOVA","ÇINARCIK",6768,7844,1510,1622,1676,178,63,16,0,57,190
"YALOVA","ÇİFTLİKKÖY",6883,9864,1288,1963,2398,336,50,37,0,80,212
"YALOVA","MERKEZ",23791,35440,7405,5727,8746,1076,157,163,0,219,724
"YALOVA","TERMAL",680,2120,69,236,406,81,8,1,0,9,17
"YOZGAT","AKDAĞMADENİ",12265,44530,11370,10498,3870,796,190,132,0,105,919
"YOZGAT","AYDINCIK",650,4177,86,1181,363,47,12,14,0,5,88
"YOZGAT","BOĞAZLIYAN",5605,8959,234,4199,1792,147,37,29,0,38,319
"YOZGAT","ÇANDIR",634,1198,4,695,204,12,10,6,0,2,51
"YOZGAT","ÇAYIRALAN",1453,3528,70,1294,530,52,34,16,0,14,111
"YOZGAT","ÇEKEREK",1427,8099,101,2035,739,199,26,29,0,20,167
"YOZGAT","KADIŞEHRİ",595,4336,18,1632,211,100,5,7,0,5,117
"YOZGAT","MERKEZ",7191,29086,450,17263,4186,731,72,80,0,94,1118
"YOZGAT","SARAYKENT",116,3764,8,1883,298,60,6,12,0,2,97
"YOZGAT","SARIKAYA",1007,10198,76,5760,1303,182,39,38,0,9,478
"YOZGAT","SORGUN",3024,27206,449,12947,2867,640,61,74,0,49,779
"YOZGAT","ŞEFAATLİ",1267,4606,42,2092,1438,69,21,33,0,13,158
"YOZGAT","YENİFAKILI",941,1612,16,608,431,17,9,7,0,6,54
"YOZGAT","YERKÖY",2834,11178,473,5052,2551,384,58,48,0,35,371
"ZONGULDAK","ALAPLI",6749,14552,322,3524,2127,387,116,63,90,76,394
"ZONGULDAK","ÇAYCUMA",20777,32079,605,3455,4337,1313,271,172,18,171,432
"ZONGULDAK","DEVREK",8727,20376,352,2644,3049,693,219,118,20,106,338
"ZONGULDAK","EREĞLİ",34060,48292,1930,13806,8768,1212,394,203,986,365,1056
"ZONGULDAK","GÖKÇEBEY",4410,6392,163,961,1169,211,93,63,10,57,120
"ZONGULDAK","KİLİMLİ",7944,8637,181,3478,1802,552,76,24,15,62,206
"ZONGULDAK","KOZLU",8000,13260,496,3501,2526,636,98,43,26,99,265
"ZONGULDAK","MERKEZ",26599,28721,1375,9434,6027,1750,276,135,26,280,680
